ids,labels
0,30
1,56
2,15
3,21
4,71
5,6
6,15
7,43
8,71
9,0
10,87
11,75
12,81
13,69
14,28
15,43
16,92
17,97
18,70
19,53
20,70
21,49
22,75
23,89
24,21
25,16
26,39
27,8
28,41
29,28
30,20
31,22
32,41
33,73
34,56
35,64
36,45
37,11
38,25
39,13
40,63
41,24
42,95
43,30
44,56
45,22
46,41
47,58
48,75
49,17
50,4
51,6
52,9
53,57
54,2
55,11
56,71
57,52
58,42
59,30
60,77
61,27
62,31
63,65
64,26
65,98
66,43
67,92
68,63
69,92
70,66
71,89
72,61
73,91
74,67
75,32
76,82
77,16
78,77
79,61
80,71
81,78
82,54
83,7
84,29
85,89
86,78
87,42
88,35
89,73
90,22
91,18
92,93
93,43
94,13
95,21
96,50
97,7
98,37
99,19
100,8
101,53
102,47
103,86
104,43
105,69
106,76
107,17
108,57
109,59
110,25
111,20
112,44
113,0
114,9
115,71
116,41
117,43
118,57
119,56
120,85
121,45
122,19
123,92
124,33
125,84
126,3
127,97
128,70
129,46
130,87
131,16
132,1
133,66
134,97
135,91
136,60
137,97
138,52
139,23
140,63
141,11
142,52
143,85
144,24
145,95
146,85
147,39
148,51
149,58
150,41
151,77
152,37
153,90
154,45
155,64
156,58
157,20
158,24
159,80
160,36
161,8
162,40
163,10
164,75
165,59
166,54
167,64
168,51
169,83
170,9
171,40
172,27
173,22
174,95
175,53
176,18
177,95
178,18
179,40
180,97
181,75
182,22
183,80
184,16
185,40
186,84
187,95
188,98
189,83
190,13
191,7
192,21
193,13
194,94
195,24
196,13
197,63
198,7
199,87
200,6
201,78
202,68
203,60
204,6
205,23
206,40
207,31
208,55
209,63
210,15
211,98
212,17
213,89
214,97
215,56
216,53
217,95
218,9
219,89
220,87
221,27
222,10
223,77
224,12
225,34
226,0
227,76
228,79
229,71
230,89
231,57
232,59
233,24
234,65
235,61
236,11
237,36
238,82
239,31
240,23
241,24
242,34
243,75
244,46
245,53
246,80
247,58
248,4
249,39
250,91
251,16
252,65
253,31
254,50
255,97
256,8
257,75
258,6
259,88
260,34
261,28
262,58
263,55
264,19
265,91
266,13
267,1
268,6
269,62
270,99
271,51
272,96
273,0
274,75
275,91
276,67
277,80
278,40
279,62
280,8
281,84
282,28
283,85
284,95
285,15
286,6
287,51
288,42
289,53
290,67
291,11
292,87
293,27
294,96
295,12
296,16
297,67
298,36
299,48
300,96
301,40
302,28
303,24
304,11
305,7
306,76
307,3
308,40
309,28
310,19
311,18
312,41
313,51
314,34
315,89
316,67
317,43
318,10
319,8
320,17
321,85
322,11
323,67
324,13
325,57
326,51
327,91
328,94
329,7
330,71
331,36
332,61
333,92
334,1
335,60
336,67
337,91
338,97
339,73
340,40
341,70
342,68
343,62
344,99
345,66
346,21
347,24
348,10
349,10
350,68
351,43
352,1
353,13
354,48
355,40
356,63
357,7
358,35
359,66
360,64
361,39
362,90
363,94
364,63
365,61
366,88
367,92
368,19
369,66
370,89
371,33
372,28
373,15
374,87
375,86
376,7
377,0
378,94
379,35
380,77
381,6
382,41
383,15
384,69
385,26
386,29
387,95
388,85
389,36
390,40
391,57
392,6
393,30
394,50
395,27
396,3
397,90
398,52
399,73
400,51
401,93
402,44
403,87
404,6
405,57
406,72
407,9
408,75
409,48
410,40
411,34
412,71
413,43
414,46
415,66
416,65
417,89
418,53
419,97
420,97
421,89
422,80
423,96
424,71
425,42
426,77
427,28
428,64
429,19
430,87
431,98
432,40
433,75
434,41
435,19
436,19
437,67
438,64
439,10
440,16
441,5
442,89
443,85
444,6
445,85
446,38
447,15
448,50
449,58
450,10
451,94
452,86
453,83
454,36
455,86
456,34
457,27
458,7
459,5
460,58
461,87
462,76
463,87
464,92
465,78
466,33
467,17
468,6
469,0
470,79
471,97
472,77
473,75
474,72
475,92
476,41
477,97
478,34
479,87
480,85
481,75
482,4
483,41
484,0
485,67
486,79
487,87
488,73
489,21
490,43
491,94
492,49
493,3
494,74
495,18
496,57
497,18
498,89
499,71
500,97
501,36
502,90
503,11
504,21
505,41
506,63
507,58
508,47
509,93
510,68
511,11
512,36
513,99
514,54
515,53
516,67
517,36
518,83
519,70
520,64
521,46
522,14
523,19
524,62
525,11
526,95
527,88
528,17
529,77
530,85
531,63
532,8
533,94
534,98
535,14
536,76
537,19
538,22
539,53
540,43
541,92
542,2
543,27
544,73
545,93
546,13
547,54
548,60
549,7
550,96
551,11
552,30
553,72
554,48
555,42
556,62
557,6
558,72
559,47
560,64
561,43
562,20
563,92
564,4
565,49
566,36
567,26
568,45
569,80
570,36
571,68
572,48
573,98
574,64
575,17
576,26
577,34
578,58
579,96
580,55
581,87
582,82
583,22
584,0
585,41
586,54
587,37
588,10
589,98
590,43
591,13
592,91
593,56
594,9
595,85
596,34
597,73
598,1
599,78
600,75
601,55
602,57
603,97
604,43
605,84
606,66
607,6
608,64
609,77
610,83
611,82
612,81
613,9
614,0
615,48
616,64
617,83
618,10
619,58
620,17
621,39
622,76
623,0
624,17
625,64
626,48
627,1
628,1
629,82
630,75
631,96
632,97
633,80
634,92
635,60
636,61
637,32
638,53
639,84
640,89
641,72
642,85
643,95
644,8
645,82
646,85
647,94
648,74
649,87
650,19
651,66
652,89
653,97
654,19
655,0
656,6
657,87
658,41
659,36
660,20
661,1
662,94
663,80
664,87
665,82
666,17
667,64
668,10
669,97
670,30
671,73
672,83
673,4
674,64
675,28
676,55
677,91
678,26
679,68
680,14
681,14
682,1
683,0
684,97
685,45
686,14
687,21
688,90
689,64
690,72
691,88
692,86
693,92
694,75
695,10
696,38
697,25
698,67
699,78
700,7
701,43
702,43
703,10
704,38
705,97
706,31
707,85
708,78
709,89
710,55
711,13
712,97
713,1
714,82
715,57
716,21
717,15
718,38
719,57
720,64
721,76
722,60
723,87
724,1
725,67
726,22
727,75
728,62
729,21
730,22
731,6
732,90
733,13
734,94
735,88
736,55
737,3
738,83
739,67
740,30
741,77
742,43
743,85
744,61
745,41
746,88
747,83
748,35
749,82
750,44
751,40
752,48
753,83
754,63
755,71
756,88
757,98
758,67
759,7
760,85
761,25
762,96
763,60
764,34
765,80
766,13
767,90
768,54
769,19
770,76
771,39
772,95
773,24
774,7
775,64
776,92
777,88
778,81
779,0
780,12
781,3
782,6
783,89
784,86
785,60
786,10
787,80
788,82
789,26
790,48
791,66
792,80
793,53
794,87
795,1
796,13
797,94
798,53
799,64
800,1
801,23
802,35
803,58
804,99
805,78
806,86
807,53
808,85
809,97
810,2
811,15
812,51
813,52
814,63
815,50
816,6
817,36
818,6
819,7
820,37
821,4
822,13
823,22
824,25
825,54
826,83
827,61
828,36
829,40
830,11
831,53
832,85
833,19
834,26
835,9
836,96
837,71
838,3
839,39
840,84
841,47
842,98
843,19
844,29
845,75
846,19
847,21
848,53
849,21
850,98
851,6
852,34
853,71
854,97
855,57
856,55
857,40
858,24
859,50
860,64
861,96
862,16
863,18
864,9
865,40
866,46
867,68
868,24
869,70
870,40
871,40
872,31
873,53
874,10
875,88
876,41
877,77
878,54
879,1
880,86
881,43
882,69
883,34
884,92
885,26
886,67
887,2
888,29
889,69
890,36
891,7
892,85
893,66
894,47
895,81
896,99
897,19
898,90
899,55
900,55
901,85
902,15
903,86
904,51
905,99
906,87
907,28
908,99
909,43
910,77
911,39
912,8
913,56
914,52
915,64
916,21
917,77
918,7
919,21
920,43
921,89
922,37
923,41
924,56
925,96
926,34
927,47
928,83
929,33
930,36
931,60
932,86
933,68
934,22
935,23
936,3
937,35
938,92
939,97
940,71
941,54
942,83
943,56
944,23
945,42
946,13
947,66
948,13
949,47
950,47
951,10
952,42
953,51
954,5
955,11
956,71
957,58
958,30
959,34
960,80
961,52
962,41
963,51
964,6
965,64
966,76
967,47
968,53
969,34
970,60
971,63
972,28
973,24
974,36
975,69
976,89
977,90
978,92
979,40
980,77
981,36
982,43
983,64
984,81
985,38
986,66
987,64
988,84
989,21
990,49
991,81
992,15
993,37
994,35
995,8
996,36
997,9
998,53
999,91
1000,50
1001,23
1002,94
1003,34
1004,72
1005,58
1006,86
1007,91
1008,30
1009,92
1010,0
1011,90
1012,35
1013,29
1014,0
1015,9
1016,90
1017,51
1018,43
1019,90
1020,1
1021,52
1022,64
1023,89
1024,71
1025,12
1026,97
1027,0
1028,19
1029,41
1030,21
1031,86
1032,51
1033,66
1034,85
1035,77
1036,13
1037,30
1038,95
1039,30
1040,28
1041,48
1042,6
1043,89
1044,6
1045,9
1046,44
1047,98
1048,63
1049,62
1050,16
1051,9
1052,78
1053,67
1054,20
1055,3
1056,13
1057,78
1058,96
1059,77
1060,15
1061,42
1062,57
1063,60
1064,49
1065,36
1066,28
1067,43
1068,85
1069,15
1070,41
1071,55
1072,6
1073,20
1074,85
1075,28
1076,20
1077,33
1078,7
1079,26
1080,7
1081,89
1082,1
1083,90
1084,42
1085,15
1086,23
1087,73
1088,59
1089,59
1090,19
1091,64
1092,75
1093,93
1094,89
1095,70
1096,48
1097,82
1098,40
1099,81
1100,55
1101,97
1102,97
1103,63
1104,76
1105,97
1106,54
1107,71
1108,33
1109,60
1110,1
1111,92
1112,44
1113,69
1114,98
1115,62
1116,87
1117,26
1118,40
1119,65
1120,21
1121,94
1122,82
1123,66
1124,19
1125,1
1126,64
1127,10
1128,13
1129,69
1130,9
1131,91
1132,34
1133,34
1134,69
1135,9
1136,0
1137,92
1138,92
1139,64
1140,50
1141,76
1142,25
1143,13
1144,52
1145,58
1146,91
1147,32
1148,13
1149,63
1150,21
1151,19
1152,35
1153,90
1154,64
1155,58
1156,41
1157,92
1158,47
1159,53
1160,41
1161,65
1162,7
1163,60
1164,67
1165,61
1166,95
1167,24
1168,21
1169,98
1170,3
1171,53
1172,10
1173,2
1174,85
1175,51
1176,3
1177,18
1178,60
1179,97
1180,71
1181,89
1182,14
1183,21
1184,15
1185,30
1186,63
1187,85
1188,37
1189,38
1190,66
1191,78
1192,80
1193,53
1194,12
1195,93
1196,42
1197,21
1198,47
1199,21
1200,43
1201,77
1202,3
1203,35
1204,57
1205,76
1206,94
1207,66
1208,41
1209,14
1210,41
1211,77
1212,58
1213,60
1214,26
1215,88
1216,19
1217,19
1218,13
1219,25
1220,37
1221,40
1222,77
1223,60
1224,88
1225,92
1226,31
1227,34
1228,36
1229,30
1230,15
1231,82
1232,88
1233,8
1234,38
1235,57
1236,54
1237,47
1238,35
1239,14
1240,7
1241,90
1242,87
1243,28
1244,7
1245,6
1246,87
1247,76
1248,88
1249,28
1250,98
1251,96
1252,67
1253,97
1254,88
1255,54
1256,86
1257,79
1258,70
1259,11
1260,89
1261,89
1262,64
1263,43
1264,39
1265,53
1266,50
1267,50
1268,56
1269,84
1270,46
1271,58
1272,13
1273,51
1274,25
1275,56
1276,33
1277,92
1278,92
1279,95
1280,15
1281,51
1282,84
1283,50
1284,81
1285,67
1286,41
1287,11
1288,18
1289,41
1290,7
1291,85
1292,59
1293,59
1294,11
1295,22
1296,15
1297,64
1298,90
1299,70
1300,34
1301,34
1302,3
1303,6
1304,0
1305,68
1306,33
1307,72
1308,0
1309,6
1310,53
1311,15
1312,88
1313,78
1314,37
1315,11
1316,7
1317,70
1318,9
1319,1
1320,34
1321,48
1322,71
1323,87
1324,78
1325,78
1326,91
1327,58
1328,21
1329,37
1330,1
1331,5
1332,63
1333,5
1334,29
1335,47
1336,64
1337,63
1338,14
1339,28
1340,40
1341,20
1342,88
1343,65
1344,53
1345,97
1346,85
1347,26
1348,35
1349,44
1350,7
1351,98
1352,43
1353,72
1354,23
1355,68
1356,26
1357,52
1358,17
1359,65
1360,47
1361,12
1362,94
1363,81
1364,76
1365,91
1366,3
1367,2
1368,18
1369,96
1370,54
1371,3
1372,41
1373,0
1374,43
1375,50
1376,43
1377,30
1378,91
1379,4
1380,53
1381,25
1382,13
1383,5
1384,59
1385,29
1386,80
1387,18
1388,38
1389,20
1390,5
1391,41
1392,5
1393,23
1394,68
1395,59
1396,81
1397,43
1398,48
1399,11
1400,27
1401,92
1402,84
1403,34
1404,48
1405,80
1406,25
1407,43
1408,89
1409,88
1410,10
1411,50
1412,75
1413,44
1414,95
1415,94
1416,70
1417,52
1418,40
1419,16
1420,99
1421,68
1422,28
1423,15
1424,47
1425,34
1426,57
1427,58
1428,22
1429,28
1430,1
1431,64
1432,34
1433,43
1434,20
1435,87
1436,91
1437,36
1438,9
1439,89
1440,43
1441,57
1442,7
1443,93
1444,46
1445,13
1446,44
1447,24
1448,10
1449,58
1450,64
1451,56
1452,29
1453,89
1454,51
1455,27
1456,92
1457,53
1458,17
1459,28
1460,10
1461,11
1462,80
1463,48
1464,13
1465,71
1466,95
1467,66
1468,21
1469,8
1470,94
1471,87
1472,92
1473,54
1474,12
1475,86
1476,34
1477,30
1478,13
1479,46
1480,7
1481,91
1482,11
1483,1
1484,92
1485,53
1486,40
1487,40
1488,87
1489,13
1490,75
1491,58
1492,22
1493,31
1494,0
1495,5
1496,80
1497,96
1498,34
1499,75
1500,10
1501,33
1502,64
1503,15
1504,92
1505,7
1506,34
1507,13
1508,94
1509,43
1510,15
1511,1
1512,28
1513,32
1514,9
1515,43
1516,85
1517,80
1518,7
1519,35
1520,55
1521,11
1522,40
1523,75
1524,21
1525,20
1526,51
1527,3
1528,86
1529,41
1530,93
1531,3
1532,6
1533,54
1534,69
1535,47
1536,92
1537,10
1538,85
1539,73
1540,16
1541,11
1542,6
1543,41
1544,59
1545,90
1546,39
1547,6
1548,87
1549,48
1550,57
1551,72
1552,17
1553,22
1554,71
1555,74
1556,63
1557,58
1558,56
1559,97
1560,11
1561,11
1562,9
1563,17
1564,31
1565,52
1566,96
1567,36
1568,58
1569,80
1570,43
1571,77
1572,97
1573,15
1574,18
1575,85
1576,72
1577,55
1578,53
1579,5
1580,23
1581,54
1582,52
1583,82
1584,64
1585,43
1586,16
1587,97
1588,3
1589,83
1590,19
1591,64
1592,41
1593,33
1594,87
1595,39
1596,56
1597,87
1598,53
1599,39
1600,60
1601,59
1602,50
1603,92
1604,68
1605,18
1606,23
1607,42
1608,70
1609,46
1610,25
1611,21
1612,24
1613,17
1614,18
1615,55
1616,13
1617,17
1618,32
1619,21
1620,42
1621,21
1622,11
1623,80
1624,21
1625,61
1626,31
1627,41
1628,16
1629,51
1630,54
1631,92
1632,21
1633,87
1634,55
1635,37
1636,96
1637,92
1638,71
1639,17
1640,47
1641,94
1642,39
1643,64
1644,7
1645,34
1646,26
1647,33
1648,39
1649,48
1650,53
1651,80
1652,20
1653,59
1654,98
1655,58
1656,58
1657,25
1658,10
1659,56
1660,68
1661,26
1662,13
1663,92
1664,87
1665,46
1666,76
1667,67
1668,20
1669,2
1670,69
1671,48
1672,3
1673,21
1674,20
1675,8
1676,98
1677,0
1678,63
1679,14
1680,10
1681,56
1682,87
1683,96
1684,90
1685,75
1686,21
1687,31
1688,78
1689,88
1690,61
1691,13
1692,91
1693,86
1694,85
1695,33
1696,22
1697,26
1698,34
1699,77
1700,28
1701,22
1702,53
1703,88
1704,65
1705,18
1706,53
1707,7
1708,38
1709,17
1710,6
1711,50
1712,83
1713,82
1714,61
1715,21
1716,93
1717,50
1718,52
1719,57
1720,16
1721,81
1722,30
1723,36
1724,96
1725,33
1726,1
1727,30
1728,18
1729,61
1730,36
1731,64
1732,21
1733,13
1734,58
1735,99
1736,13
1737,56
1738,0
1739,44
1740,87
1741,85
1742,54
1743,53
1744,30
1745,69
1746,3
1747,35
1748,49
1749,33
1750,95
1751,99
1752,64
1753,89
1754,31
1755,54
1756,90
1757,40
1758,46
1759,1
1760,7
1761,28
1762,78
1763,52
1764,61
1765,83
1766,40
1767,77
1768,67
1769,72
1770,12
1771,34
1772,25
1773,29
1774,59
1775,31
1776,17
1777,56
1778,35
1779,51
1780,1
1781,82
1782,33
1783,34
1784,86
1785,93
1786,86
1787,77
1788,31
1789,20
1790,89
1791,53
1792,94
1793,91
1794,43
1795,36
1796,64
1797,90
1798,70
1799,34
1800,11
1801,50
1802,68
1803,59
1804,6
1805,26
1806,28
1807,28
1808,87
1809,64
1810,1
1811,75
1812,41
1813,5
1814,90
1815,77
1816,28
1817,15
1818,82
1819,76
1820,64
1821,92
1822,65
1823,77
1824,92
1825,12
1826,97
1827,53
1828,95
1829,41
1830,59
1831,95
1832,17
1833,11
1834,85
1835,17
1836,38
1837,94
1838,50
1839,87
1840,49
1841,64
1842,57
1843,64
1844,73
1845,28
1846,16
1847,75
1848,46
1849,31
1850,87
1851,35
1852,30
1853,21
1854,53
1855,59
1856,56
1857,28
1858,85
1859,53
1860,71
1861,7
1862,94
1863,53
1864,89
1865,57
1866,28
1867,7
1868,54
1869,33
1870,53
1871,87
1872,43
1873,17
1874,40
1875,22
1876,17
1877,6
1878,53
1879,68
1880,44
1881,89
1882,43
1883,18
1884,45
1885,95
1886,13
1887,64
1888,28
1889,87
1890,23
1891,59
1892,24
1893,79
1894,75
1895,99
1896,46
1897,21
1898,59
1899,9
1900,13
1901,80
1902,85
1903,61
1904,17
1905,93
1906,49
1907,13
1908,78
1909,94
1910,28
1911,60
1912,6
1913,89
1914,21
1915,88
1916,24
1917,6
1918,36
1919,77
1920,14
1921,88
1922,59
1923,19
1924,25
1925,0
1926,43
1927,87
1928,20
1929,95
1930,87
1931,69
1932,16
1933,78
1934,89
1935,40
1936,11
1937,64
1938,29
1939,18
1940,64
1941,11
1942,75
1943,36
1944,87
1945,6
1946,41
1947,20
1948,5
1949,63
1950,76
1951,37
1952,66
1953,6
1954,55
1955,99
1956,28
1957,41
1958,38
1959,83
1960,1
1961,31
1962,1
1963,39
1964,97
1965,66
1966,53
1967,92
1968,41
1969,36
1970,61
1971,88
1972,95
1973,85
1974,95
1975,41
1976,66
1977,75
1978,46
1979,51
1980,37
1981,31
1982,22
1983,92
1984,78
1985,13
1986,67
1987,55
1988,95
1989,46
1990,34
1991,21
1992,28
1993,45
1994,63
1995,8
1996,88
1997,10
1998,12
1999,8
2000,0
2001,41
2002,56
2003,75
2004,17
2005,18
2006,99
2007,11
2008,73
2009,63
2010,63
2011,9
2012,58
2013,96
2014,50
2015,53
2016,36
2017,53
2018,83
2019,58
2020,43
2021,21
2022,35
2023,39
2024,85
2025,90
2026,35
2027,3
2028,78
2029,89
2030,95
2031,85
2032,59
2033,48
2034,35
2035,97
2036,97
2037,39
2038,87
2039,43
2040,12
2041,21
2042,65
2043,40
2044,5
2045,90
2046,63
2047,78
2048,51
2049,40
2050,72
2051,15
2052,21
2053,49
2054,95
2055,39
2056,79
2057,85
2058,53
2059,65
2060,12
2061,57
2062,5
2063,17
2064,97
2065,37
2066,48
2067,79
2068,5
2069,83
2070,87
2071,41
2072,48
2073,54
2074,87
2075,28
2076,95
2077,0
2078,19
2079,41
2080,29
2081,20
2082,48
2083,36
2084,72
2085,95
2086,20
2087,59
2088,77
2089,63
2090,34
2091,71
2092,21
2093,14
2094,75
2095,0
2096,87
2097,91
2098,16
2099,86
2100,58
2101,89
2102,38
2103,57
2104,65
2105,85
2106,16
2107,3
2108,20
2109,9
2110,74
2111,49
2112,63
2113,75
2114,56
2115,92
2116,34
2117,11
2118,28
2119,11
2120,41
2121,81
2122,90
2123,89
2124,86
2125,61
2126,41
2127,11
2128,27
2129,87
2130,3
2131,64
2132,36
2133,13
2134,87
2135,71
2136,64
2137,62
2138,95
2139,96
2140,38
2141,95
2142,41
2143,7
2144,85
2145,15
2146,13
2147,89
2148,48
2149,30
2150,59
2151,46
2152,20
2153,68
2154,16
2155,78
2156,10
2157,29
2158,11
2159,52
2160,43
2161,20
2162,36
2163,20
2164,71
2165,72
2166,1
2167,11
2168,10
2169,44
2170,19
2171,89
2172,78
2173,27
2174,29
2175,53
2176,10
2177,41
2178,12
2179,48
2180,3
2181,39
2182,19
2183,56
2184,63
2185,79
2186,73
2187,35
2188,3
2189,22
2190,6
2191,59
2192,14
2193,87
2194,6
2195,87
2196,1
2197,91
2198,25
2199,54
2200,89
2201,7
2202,99
2203,58
2204,5
2205,97
2206,80
2207,28
2208,93
2209,83
2210,65
2211,97
2212,28
2213,10
2214,90
2215,64
2216,36
2217,84
2218,91
2219,97
2220,34
2221,80
2222,26
2223,8
2224,19
2225,67
2226,67
2227,41
2228,55
2229,6
2230,35
2231,15
2232,51
2233,59
2234,92
2235,60
2236,68
2237,15
2238,83
2239,57
2240,41
2241,81
2242,48
2243,6
2244,73
2245,10
2246,28
2247,71
2248,79
2249,43
2250,37
2251,81
2252,17
2253,7
2254,84
2255,57
2256,91
2257,57
2258,68
2259,26
2260,59
2261,38
2262,13
2263,99
2264,3
2265,21
2266,19
2267,15
2268,75
2269,84
2270,47
2271,57
2272,14
2273,85
2274,92
2275,91
2276,63
2277,99
2278,31
2279,1
2280,11
2281,34
2282,80
2283,47
2284,12
2285,37
2286,60
2287,21
2288,43
2289,5
2290,87
2291,19
2292,40
2293,92
2294,61
2295,10
2296,75
2297,81
2298,68
2299,37
2300,28
2301,43
2302,10
2303,45
2304,71
2305,11
2306,21
2307,30
2308,99
2309,19
2310,19
2311,97
2312,80
2313,54
2314,9
2315,15
2316,2
2317,26
2318,57
2319,46
2320,17
2321,58
2322,67
2323,76
2324,95
2325,67
2326,95
2327,82
2328,92
2329,48
2330,5
2331,89
2332,51
2333,28
2334,83
2335,60
2336,34
2337,97
2338,91
2339,77
2340,97
2341,43
2342,11
2343,92
2344,38
2345,97
2346,95
2347,66
2348,25
2349,34
2350,76
2351,40
2352,50
2353,67
2354,69
2355,59
2356,34
2357,89
2358,98
2359,66
2360,31
2361,73
2362,87
2363,72
2364,18
2365,97
2366,38
2367,13
2368,25
2369,90
2370,97
2371,26
2372,37
2373,76
2374,31
2375,0
2376,90
2377,1
2378,5
2379,37
2380,41
2381,36
2382,5
2383,59
2384,66
2385,87
2386,98
2387,78
2388,98
2389,20
2390,50
2391,98
2392,87
2393,72
2394,61
2395,43
2396,58
2397,36
2398,22
2399,60
2400,92
2401,53
2402,96
2403,44
2404,56
2405,89
2406,83
2407,23
2408,52
2409,3
2410,92
2411,33
2412,61
2413,21
2414,83
2415,15
2416,50
2417,3
2418,85
2419,86
2420,19
2421,58
2422,89
2423,95
2424,97
2425,70
2426,0
2427,11
2428,86
2429,33
2430,53
2431,89
2432,94
2433,34
2434,86
2435,36
2436,1
2437,76
2438,80
2439,69
2440,66
2441,81
2442,67
2443,94
2444,93
2445,24
2446,82
2447,23
2448,30
2449,66
2450,69
2451,46
2452,11
2453,94
2454,88
2455,85
2456,43
2457,46
2458,95
2459,54
2460,41
2461,6
2462,3
2463,22
2464,19
2465,75
2466,43
2467,53
2468,72
2469,92
2470,20
2471,63
2472,76
2473,64
2474,3
2475,10
2476,75
2477,6
2478,96
2479,66
2480,3
2481,72
2482,73
2483,40
2484,13
2485,59
2486,43
2487,78
2488,0
2489,41
2490,43
2491,23
2492,85
2493,68
2494,94
2495,37
2496,5
2497,35
2498,87
2499,8
2500,60
2501,76
2502,74
2503,89
2504,60
2505,69
2506,85
2507,46
2508,29
2509,65
2510,9
2511,86
2512,0
2513,55
2514,19
2515,1
2516,62
2517,89
2518,34
2519,35
2520,15
2521,35
2522,67
2523,53
2524,17
2525,78
2526,22
2527,1
2528,64
2529,25
2530,70
2531,96
2532,72
2533,22
2534,44
2535,37
2536,63
2537,79
2538,49
2539,76
2540,56
2541,57
2542,87
2543,64
2544,34
2545,82
2546,97
2547,83
2548,55
2549,23
2550,9
2551,60
2552,2
2553,43
2554,19
2555,80
2556,58
2557,94
2558,87
2559,83
2560,92
2561,26
2562,39
2563,86
2564,75
2565,16
2566,85
2567,78
2568,85
2569,89
2570,42
2571,18
2572,14
2573,3
2574,67
2575,23
2576,20
2577,20
2578,13
2579,51
2580,88
2581,87
2582,25
2583,72
2584,12
2585,78
2586,22
2587,3
2588,60
2589,28
2590,44
2591,13
2592,73
2593,98
2594,52
2595,80
2596,28
2597,97
2598,19
2599,50
2600,87
2601,26
2602,85
2603,58
2604,53
2605,83
2606,94
2607,5
2608,11
2609,87
2610,11
2611,67
2612,96
2613,69
2614,80
2615,77
2616,75
2617,31
2618,97
2619,89
2620,78
2621,58
2622,29
2623,97
2624,85
2625,75
2626,67
2627,39
2628,59
2629,59
2630,15
2631,96
2632,10
2633,36
2634,64
2635,21
2636,58
2637,37
2638,46
2639,85
2640,65
2641,92
2642,78
2643,92
2644,7
2645,92
2646,74
2647,88
2648,0
2649,41
2650,39
2651,94
2652,80
2653,78
2654,47
2655,95
2656,10
2657,21
2658,63
2659,77
2660,87
2661,20
2662,85
2663,53
2664,80
2665,13
2666,92
2667,46
2668,20
2669,75
2670,40
2671,43
2672,59
2673,27
2674,48
2675,89
2676,57
2677,50
2678,43
2679,14
2680,91
2681,97
2682,65
2683,43
2684,20
2685,54
2686,16
2687,1
2688,91
2689,88
2690,85
2691,28
2692,93
2693,53
2694,54
2695,9
2696,71
2697,54
2698,58
2699,56
2700,76
2701,37
2702,21
2703,64
2704,38
2705,46
2706,75
2707,90
2708,7
2709,60
2710,49
2711,50
2712,17
2713,11
2714,78
2715,94
2716,87
2717,25
2718,46
2719,89
2720,15
2721,99
2722,59
2723,91
2724,90
2725,58
2726,18
2727,7
2728,89
2729,86
2730,40
2731,69
2732,55
2733,65
2734,47
2735,89
2736,48
2737,36
2738,75
2739,36
2740,82
2741,88
2742,44
2743,36
2744,81
2745,77
2746,50
2747,65
2748,52
2749,68
2750,90
2751,6
2752,53
2753,56
2754,93
2755,15
2756,34
2757,57
2758,21
2759,43
2760,43
2761,35
2762,94
2763,26
2764,63
2765,60
2766,9
2767,85
2768,38
2769,38
2770,59
2771,91
2772,95
2773,32
2774,15
2775,24
2776,77
2777,92
2778,88
2779,49
2780,11
2781,89
2782,92
2783,7
2784,6
2785,61
2786,91
2787,20
2788,41
2789,87
2790,10
2791,97
2792,69
2793,21
2794,73
2795,68
2796,88
2797,10
2798,36
2799,66
2800,96
2801,59
2802,20
2803,43
2804,46
2805,88
2806,83
2807,72
2808,30
2809,3
2810,60
2811,82
2812,36
2813,68
2814,92
2815,83
2816,84
2817,87
2818,67
2819,5
2820,3
2821,36
2822,9
2823,63
2824,83
2825,50
2826,66
2827,42
2828,80
2829,11
2830,67
2831,82
2832,85
2833,46
2834,15
2835,64
2836,10
2837,97
2838,18
2839,79
2840,21
2841,63
2842,97
2843,13
2844,55
2845,43
2846,35
2847,14
2848,84
2849,38
2850,17
2851,60
2852,44
2853,89
2854,53
2855,58
2856,82
2857,7
2858,43
2859,7
2860,75
2861,6
2862,38
2863,46
2864,21
2865,0
2866,16
2867,84
2868,11
2869,87
2870,57
2871,89
2872,66
2873,31
2874,46
2875,68
2876,59
2877,52
2878,28
2879,95
2880,70
2881,23
2882,58
2883,75
2884,27
2885,8
2886,52
2887,85
2888,34
2889,68
2890,53
2891,65
2892,68
2893,59
2894,57
2895,34
2896,70
2897,21
2898,90
2899,11
2900,21
2901,74
2902,1
2903,53
2904,26
2905,75
2906,14
2907,91
2908,23
2909,88
2910,35
2911,85
2912,41
2913,60
2914,97
2915,94
2916,61
2917,58
2918,83
2919,21
2920,74
2921,99
2922,5
2923,11
2924,2
2925,21
2926,6
2927,10
2928,25
2929,31
2930,66
2931,59
2932,30
2933,97
2934,35
2935,11
2936,22
2937,26
2938,26
2939,18
2940,78
2941,8
2942,34
2943,24
2944,87
2945,22
2946,43
2947,30
2948,15
2949,98
2950,23
2951,41
2952,97
2953,92
2954,17
2955,13
2956,89
2957,58
2958,73
2959,36
2960,0
2961,75
2962,7
2963,83
2964,36
2965,20
2966,19
2967,64
2968,24
2969,73
2970,67
2971,98
2972,53
2973,87
2974,31
2975,14
2976,67
2977,96
2978,36
2979,77
2980,64
2981,61
2982,30
2983,46
2984,64
2985,91
2986,97
2987,16
2988,0
2989,1
2990,34
2991,23
2992,89
2993,9
2994,16
2995,68
2996,2
2997,69
2998,64
2999,23
3000,65
3001,45
3002,40
3003,98
3004,27
3005,0
3006,11
3007,49
3008,7
3009,88
3010,51
3011,46
3012,64
3013,96
3014,83
3015,94
3016,3
3017,90
3018,27
3019,69
3020,97
3021,60
3022,36
3023,19
3024,66
3025,21
3026,13
3027,86
3028,0
3029,50
3030,79
3031,18
3032,33
3033,21
3034,60
3035,8
3036,84
3037,54
3038,6
3039,78
3040,87
3041,27
3042,86
3043,44
3044,48
3045,21
3046,81
3047,44
3048,75
3049,88
3050,64
3051,43
3052,54
3053,94
3054,48
3055,41
3056,53
3057,22
3058,79
3059,83
3060,12
3061,7
3062,46
3063,95
3064,72
3065,67
3066,0
3067,55
3068,46
3069,91
3070,18
3071,1
3072,25
3073,47
3074,97
3075,75
3076,81
3077,69
3078,66
3079,24
3080,87
3081,98
3082,40
3083,86
3084,58
3085,88
3086,31
3087,87
3088,72
3089,89
3090,14
3091,94
3092,75
3093,92
3094,21
3095,16
3096,17
3097,80
3098,56
3099,55
3100,85
3101,99
3102,64
3103,24
3104,42
3105,24
3106,13
3107,82
3108,37
3109,16
3110,17
3111,48
3112,44
3113,50
3114,19
3115,82
3116,11
3117,97
3118,31
3119,86
3120,90
3121,3
3122,9
3123,57
3124,28
3125,43
3126,35
3127,64
3128,92
3129,88
3130,64
3131,78
3132,92
3133,36
3134,1
3135,43
3136,34
3137,71
3138,43
3139,39
3140,14
3141,57
3142,67
3143,4
3144,75
3145,41
3146,46
3147,72
3148,43
3149,94
3150,13
3151,39
3152,71
3153,15
3154,52
3155,97
3156,30
3157,77
3158,30
3159,71
3160,35
3161,66
3162,36
3163,76
3164,47
3165,17
3166,43
3167,76
3168,88
3169,21
3170,63
3171,46
3172,77
3173,17
3174,70
3175,31
3176,3
3177,88
3178,31
3179,88
3180,78
3181,41
3182,79
3183,21
3184,75
3185,64
3186,5
3187,98
3188,26
3189,17
3190,1
3191,77
3192,64
3193,85
3194,41
3195,59
3196,24
3197,13
3198,21
3199,9
3200,66
3201,75
3202,33
3203,20
3204,68
3205,72
3206,92
3207,24
3208,65
3209,26
3210,61
3211,70
3212,97
3213,95
3214,45
3215,87
3216,9
3217,92
3218,52
3219,66
3220,33
3221,67
3222,97
3223,85
3224,54
3225,57
3226,25
3227,54
3228,28
3229,83
3230,41
3231,72
3232,9
3233,6
3234,28
3235,57
3236,58
3237,58
3238,16
3239,12
3240,48
3241,50
3242,37
3243,97
3244,60
3245,36
3246,37
3247,15
3248,21
3249,91
3250,41
3251,90
3252,24
3253,61
3254,74
3255,72
3256,48
3257,36
3258,31
3259,66
3260,45
3261,92
3262,99
3263,25
3264,78
3265,67
3266,57
3267,97
3268,98
3269,79
3270,21
3271,86
3272,99
3273,2
3274,25
3275,34
3276,13
3277,99
3278,27
3279,9
3280,87
3281,6
3282,22
3283,36
3284,13
3285,71
3286,83
3287,91
3288,90
3289,60
3290,49
3291,42
3292,57
3293,20
3294,63
3295,67
3296,58
3297,91
3298,86
3299,14
3300,73
3301,52
3302,69
3303,56
3304,28
3305,41
3306,89
3307,92
3308,83
3309,43
3310,30
3311,82
3312,99
3313,36
3314,79
3315,35
3316,28
3317,20
3318,79
3319,15
3320,87
3321,13
3322,91
3323,60
3324,33
3325,80
3326,92
3327,57
3328,88
3329,50
3330,90
3331,70
3332,98
3333,84
3334,16
3335,18
3336,65
3337,51
3338,66
3339,68
3340,77
3341,7
3342,55
3343,80
3344,83
3345,3
3346,42
3347,39
3348,93
3349,20
3350,87
3351,3
3352,77
3353,1
3354,14
3355,53
3356,7
3357,60
3358,53
3359,81
3360,43
3361,62
3362,34
3363,76
3364,28
3365,43
3366,32
3367,92
3368,3
3369,89
3370,28
3371,44
3372,5
3373,10
3374,13
3375,7
3376,48
3377,58
3378,94
3379,64
3380,67
3381,64
3382,64
3383,68
3384,6
3385,78
3386,82
3387,43
3388,71
3389,31
3390,78
3391,26
3392,49
3393,98
3394,25
3395,54
3396,1
3397,92
3398,87
3399,99
3400,11
3401,66
3402,92
3403,56
3404,31
3405,29
3406,92
3407,8
3408,67
3409,20
3410,13
3411,3
3412,89
3413,0
3414,23
3415,16
3416,96
3417,7
3418,26
3419,44
3420,98
3421,53
3422,78
3423,15
3424,60
3425,35
3426,81
3427,50
3428,66
3429,53
3430,40
3431,10
3432,1
3433,56
3434,26
3435,57
3436,60
3437,87
3438,85
3439,23
3440,56
3441,52
3442,21
3443,36
3444,40
3445,41
3446,7
3447,75
3448,87
3449,92
3450,12
3451,57
3452,20
3453,76
3454,50
3455,60
3456,21
3457,27
3458,76
3459,29
3460,0
3461,75
3462,32
3463,1
3464,52
3465,56
3466,49
3467,8
3468,3
3469,55
3470,39
3471,71
3472,98
3473,3
3474,99
3475,36
3476,89
3477,8
3478,13
3479,78
3480,15
3481,46
3482,52
3483,91
3484,8
3485,35
3486,14
3487,97
3488,73
3489,95
3490,1
3491,18
3492,57
3493,26
3494,23
3495,30
3496,3
3497,62
3498,38
3499,1
3500,12
3501,38
3502,51
3503,31
3504,26
3505,44
3506,2
3507,10
3508,28
3509,15
3510,0
3511,7
3512,92
3513,37
3514,65
3515,79
3516,70
3517,72
3518,0
3519,41
3520,85
3521,41
3522,18
3523,17
3524,40
3525,48
3526,89
3527,2
3528,64
3529,6
3530,95
3531,53
3532,89
3533,65
3534,35
3535,35
3536,32
3537,58
3538,65
3539,56
3540,10
3541,71
3542,24
3543,41
3544,28
3545,11
3546,90
3547,43
3548,9
3549,88
3550,40
3551,85
3552,27
3553,17
3554,51
3555,23
3556,56
3557,11
3558,48
3559,92
3560,40
3561,87
3562,18
3563,61
3564,13
3565,66
3566,11
3567,21
3568,20
3569,2
3570,9
3571,90
3572,71
3573,77
3574,6
3575,87
3576,41
3577,65
3578,97
3579,39
3580,49
3581,57
3582,52
3583,85
3584,15
3585,41
3586,39
3587,73
3588,83
3589,93
3590,75
3591,8
3592,53
3593,69
3594,67
3595,23
3596,91
3597,43
3598,88
3599,11
3600,96
3601,6
3602,44
3603,46
3604,73
3605,34
3606,48
3607,34
3608,34
3609,94
3610,88
3611,67
3612,71
3613,64
3614,24
3615,11
3616,80
3617,30
3618,26
3619,26
3620,44
3621,38
3622,94
3623,99
3624,59
3625,92
3626,51
3627,16
3628,88
3629,25
3630,58
3631,79
3632,92
3633,73
3634,51
3635,52
3636,10
3637,85
3638,26
3639,74
3640,68
3641,86
3642,90
3643,85
3644,34
3645,59
3646,40
3647,60
3648,29
3649,95
3650,94
3651,14
3652,21
3653,21
3654,40
3655,58
3656,66
3657,7
3658,97
3659,78
3660,75
3661,95
3662,1
3663,43
3664,73
3665,92
3666,1
3667,92
3668,80
3669,85
3670,40
3671,41
3672,71
3673,64
3674,75
3675,90
3676,7
3677,37
3678,23
3679,61
3680,87
3681,11
3682,8
3683,22
3684,51
3685,75
3686,34
3687,64
3688,58
3689,11
3690,50
3691,0
3692,35
3693,39
3694,91
3695,85
3696,85
3697,92
3698,5
3699,27
3700,53
3701,58
3702,94
3703,28
3704,61
3705,94
3706,17
3707,32
3708,1
3709,63
3710,76
3711,77
3712,0
3713,1
3714,64
3715,41
3716,39
3717,55
3718,94
3719,12
3720,35
3721,13
3722,7
3723,87
3724,98
3725,0
3726,30
3727,90
3728,67
3729,5
3730,10
3731,97
3732,89
3733,63
3734,43
3735,59
3736,96
3737,30
3738,95
3739,21
3740,81
3741,95
3742,51
3743,69
3744,40
3745,77
3746,3
3747,97
3748,7
3749,64
3750,80
3751,0
3752,0
3753,25
3754,45
3755,81
3756,90
3757,10
3758,13
3759,51
3760,38
3761,1
3762,91
3763,58
3764,56
3765,87
3766,41
3767,73
3768,77
3769,81
3770,83
3771,78
3772,75
3773,56
3774,49
3775,0
3776,92
3777,63
3778,99
3779,97
3780,5
3781,26
3782,69
3783,86
3784,55
3785,24
3786,1
3787,94
3788,21
3789,6
3790,87
3791,96
3792,90
3793,87
3794,61
3795,41
3796,73
3797,9
3798,3
3799,78
3800,49
3801,0
3802,66
3803,64
3804,91
3805,63
3806,94
3807,72
3808,59
3809,21
3810,17
3811,47
3812,55
3813,60
3814,78
3815,25
3816,11
3817,15
3818,96
3819,4
3820,46
3821,85
3822,95
3823,36
3824,10
3825,41
3826,87
3827,97
3828,83
3829,29
3830,6
3831,15
3832,47
3833,68
3834,46
3835,87
3836,22
3837,69
3838,49
3839,86
3840,89
3841,36
3842,59
3843,67
3844,92
3845,72
3846,21
3847,26
3848,31
3849,97
3850,40
3851,69
3852,32
3853,87
3854,38
3855,39
3856,87
3857,48
3858,86
3859,38
3860,73
3861,77
3862,27
3863,10
3864,41
3865,47
3866,99
3867,87
3868,58
3869,98
3870,57
3871,34
3872,73
3873,8
3874,55
3875,3
3876,21
3877,97
3878,90
3879,11
3880,74
3881,78
3882,44
3883,78
3884,15
3885,57
3886,21
3887,13
3888,28
3889,75
3890,91
3891,84
3892,46
3893,48
3894,87
3895,25
3896,43
3897,85
3898,7
3899,72
3900,41
3901,87
3902,67
3903,54
3904,44
3905,60
3906,9
3907,54
3908,3
3909,68
3910,19
3911,71
3912,20
3913,58
3914,7
3915,84
3916,55
3917,59
3918,78
3919,27
3920,19
3921,35
3922,3
3923,74
3924,94
3925,5
3926,15
3927,97
3928,23
3929,93
3930,89
3931,17
3932,1
3933,58
3934,31
3935,26
3936,91
3937,28
3938,23
3939,19
3940,88
3941,87
3942,82
3943,26
3944,33
3945,33
3946,10
3947,13
3948,91
3949,76
3950,76
3951,97
3952,35
3953,92
3954,17
3955,21
3956,56
3957,75
3958,0
3959,14
3960,97
3961,38
3962,51
3963,38
3964,71
3965,96
3966,6
3967,40
3968,88
3969,47
3970,37
3971,41
3972,97
3973,67
3974,41
3975,82
3976,14
3977,60
3978,6
3979,46
3980,11
3981,7
3982,65
3983,64
3984,57
3985,36
3986,1
3987,29
3988,21
3989,75
3990,87
3991,31
3992,96
3993,78
3994,63
3995,6
3996,65
3997,15
3998,21
3999,52
4000,71
4001,1
4002,26
4003,34
4004,34
4005,77
4006,46
4007,37
4008,97
4009,70
4010,20
4011,29
4012,41
4013,83
4014,87
4015,32
4016,30
4017,30
4018,11
4019,85
4020,57
4021,7
4022,51
4023,24
4024,25
4025,49
4026,32
4027,89
4028,41
4029,98
4030,78
4031,94
4032,89
4033,94
4034,94
4035,59
4036,11
4037,61
4038,41
4039,97
4040,84
4041,76
4042,5
4043,35
4044,3
4045,1
4046,46
4047,41
4048,69
4049,34
4050,57
4051,88
4052,92
4053,87
4054,77
4055,26
4056,35
4057,64
4058,26
4059,19
4060,81
4061,20
4062,92
4063,92
4064,75
4065,89
4066,0
4067,55
4068,25
4069,53
4070,6
4071,46
4072,43
4073,96
4074,58
4075,64
4076,89
4077,9
4078,51
4079,99
4080,87
4081,46
4082,11
4083,59
4084,7
4085,1
4086,52
4087,5
4088,49
4089,51
4090,55
4091,89
4092,71
4093,76
4094,21
4095,81
4096,30
4097,99
4098,64
4099,83
4100,0
4101,78
4102,63
4103,82
4104,13
4105,69
4106,8
4107,3
4108,74
4109,89
4110,11
4111,22
4112,92
4113,79
4114,86
4115,64
4116,25
4117,97
4118,42
4119,65
4120,87
4121,68
4122,17
4123,85
4124,49
4125,20
4126,63
4127,75
4128,48
4129,13
4130,60
4131,34
4132,92
4133,17
4134,13
4135,14
4136,85
4137,59
4138,38
4139,20
4140,79
4141,46
4142,1
4143,91
4144,0
4145,15
4146,45
4147,48
4148,1
4149,33
4150,57
4151,92
4152,81
4153,97
4154,77
4155,50
4156,63
4157,55
4158,37
4159,83
4160,49
4161,19
4162,16
4163,11
4164,21
4165,67
4166,40
4167,68
4168,97
4169,73
4170,46
4171,94
4172,68
4173,13
4174,10
4175,83
4176,21
4177,34
4178,35
4179,87
4180,35
4181,21
4182,34
4183,39
4184,65
4185,37
4186,20
4187,21
4188,14
4189,68
4190,88
4191,72
4192,49
4193,69
4194,17
4195,67
4196,13
4197,80
4198,29
4199,10
4200,13
4201,13
4202,95
4203,43
4204,86
4205,24
4206,22
4207,23
4208,94
4209,60
4210,90
4211,8
4212,68
4213,52
4214,20
4215,63
4216,70
4217,53
4218,64
4219,88
4220,50
4221,53
4222,27
4223,58
4224,47
4225,80
4226,77
4227,35
4228,71
4229,92
4230,54
4231,17
4232,56
4233,54
4234,97
4235,69
4236,80
4237,24
4238,34
4239,8
4240,98
4241,77
4242,75
4243,66
4244,73
4245,94
4246,91
4247,11
4248,75
4249,28
4250,37
4251,8
4252,61
4253,94
4254,77
4255,34
4256,84
4257,36
4258,86
4259,20
4260,90
4261,49
4262,95
4263,26
4264,34
4265,34
4266,43
4267,51
4268,7
4269,92
4270,87
4271,25
4272,7
4273,44
4274,72
4275,73
4276,19
4277,64
4278,93
4279,79
4280,79
4281,37
4282,95
4283,97
4284,88
4285,38
4286,6
4287,87
4288,19
4289,0
4290,19
4291,8
4292,27
4293,75
4294,64
4295,36
4296,13
4297,57
4298,50
4299,85
4300,1
4301,10
4302,98
4303,43
4304,50
4305,3
4306,25
4307,13
4308,36
4309,56
4310,60
4311,79
4312,10
4313,64
4314,84
4315,1
4316,58
4317,54
4318,27
4319,77
4320,64
4321,40
4322,87
4323,97
4324,98
4325,9
4326,32
4327,12
4328,65
4329,41
4330,96
4331,61
4332,94
4333,88
4334,98
4335,13
4336,92
4337,89
4338,11
4339,87
4340,0
4341,65
4342,75
4343,68
4344,91
4345,65
4346,53
4347,97
4348,58
4349,3
4350,48
4351,67
4352,89
4353,15
4354,36
4355,28
4356,10
4357,87
4358,49
4359,40
4360,0
4361,16
4362,56
4363,9
4364,75
4365,34
4366,13
4367,10
4368,83
4369,22
4370,59
4371,93
4372,35
4373,21
4374,6
4375,27
4376,82
4377,1
4378,64
4379,89
4380,6
4381,49
4382,94
4383,27
4384,87
4385,46
4386,15
4387,58
4388,7
4389,97
4390,64
4391,1
4392,24
4393,46
4394,64
4395,10
4396,70
4397,51
4398,37
4399,35
4400,7
4401,98
4402,85
4403,83
4404,89
4405,7
4406,68
4407,24
4408,49
4409,5
4410,80
4411,53
4412,75
4413,31
4414,64
4415,15
4416,69
4417,40
4418,24
4419,19
4420,2
4421,68
4422,77
4423,75
4424,75
4425,41
4426,41
4427,75
4428,41
4429,31
4430,50
4431,18
4432,43
4433,0
4434,89
4435,15
4436,7
4437,85
4438,83
4439,92
4440,79
4441,34
4442,91
4443,86
4444,20
4445,77
4446,3
4447,14
4448,40
4449,88
4450,98
4451,4
4452,2
4453,1
4454,18
4455,87
4456,87
4457,18
4458,36
4459,92
4460,52
4461,41
4462,83
4463,58
4464,85
4465,56
4466,94
4467,50
4468,13
4469,38
4470,66
4471,10
4472,7
4473,3
4474,19
4475,22
4476,92
4477,75
4478,75
4479,73
4480,57
4481,75
4482,6
4483,75
4484,11
4485,66
4486,38
4487,48
4488,18
4489,25
4490,59
4491,27
4492,60
4493,64
4494,85
4495,77
4496,43
4497,15
4498,85
4499,96
4500,9
4501,3
4502,62
4503,73
4504,77
4505,55
4506,58
4507,12
4508,19
4509,38
4510,21
4511,13
4512,21
4513,29
4514,15
4515,58
4516,64
4517,89
4518,87
4519,40
4520,0
4521,37
4522,73
4523,73
4524,69
4525,15
4526,35
4527,33
4528,40
4529,97
4530,96
4531,14
4532,63
4533,72
4534,53
4535,91
4536,81
4537,80
4538,16
4539,75
4540,90
4541,96
4542,59
4543,14
4544,98
4545,43
4546,10
4547,40
4548,97
4549,74
4550,38
4551,46
4552,92
4553,52
4554,75
4555,78
4556,60
4557,70
4558,10
4559,91
4560,11
4561,89
4562,61
4563,3
4564,24
4565,34
4566,95
4567,70
4568,5
4569,78
4570,2
4571,67
4572,53
4573,28
4574,46
4575,54
4576,7
4577,66
4578,41
4579,55
4580,95
4581,47
4582,52
4583,8
4584,89
4585,21
4586,10
4587,92
4588,58
4589,7
4590,41
4591,24
4592,30
4593,7
4594,32
4595,28
4596,18
4597,56
4598,68
4599,79
4600,92
4601,36
4602,97
4603,34
4604,7
4605,40
4606,43
4607,61
4608,33
4609,42
4610,89
4611,42
4612,64
4613,0
4614,56
4615,49
4616,7
4617,59
4618,66
4619,99
4620,85
4621,34
4622,92
4623,19
4624,53
4625,29
4626,26
4627,3
4628,3
4629,61
4630,18
4631,94
4632,43
4633,81
4634,55
4635,21
4636,97
4637,57
4638,5
4639,56
4640,0
4641,1
4642,56
4643,67
4644,80
4645,72
4646,89
4647,18
4648,43
4649,21
4650,95
4651,68
4652,55
4653,1
4654,35
4655,92
4656,22
4657,52
4658,90
4659,1
4660,59
4661,23
4662,91
4663,89
4664,28
4665,40
4666,7
4667,97
4668,20
4669,57
4670,60
4671,79
4672,18
4673,88
4674,80
4675,24
4676,53
4677,42
4678,89
4679,77
4680,13
4681,87
4682,60
4683,9
4684,83
4685,96
4686,7
4687,64
4688,41
4689,5
4690,46
4691,89
4692,14
4693,58
4694,37
4695,91
4696,21
4697,57
4698,40
4699,54
4700,19
4701,70
4702,64
4703,34
4704,48
4705,54
4706,6
4707,80
4708,40
4709,31
4710,26
4711,43
4712,33
4713,87
4714,31
4715,3
4716,1
4717,99
4718,93
4719,12
4720,51
4721,88
4722,20
4723,25
4724,85
4725,40
4726,96
4727,92
4728,56
4729,96
4730,52
4731,89
4732,7
4733,27
4734,94
4735,70
4736,43
4737,96
4738,64
4739,49
4740,13
4741,41
4742,14
4743,30
4744,76
4745,21
4746,82
4747,52
4748,41
4749,34
4750,11
4751,7
4752,43
4753,32
4754,34
4755,53
4756,13
4757,19
4758,15
4759,67
4760,0
4761,65
4762,21
4763,71
4764,23
4765,8
4766,43
4767,53
4768,96
4769,90
4770,30
4771,22
4772,7
4773,5
4774,37
4775,92
4776,95
4777,23
4778,63
4779,34
4780,57
4781,24
4782,23
4783,21
4784,90
4785,82
4786,50
4787,51
4788,13
4789,98
4790,26
4791,3
4792,0
4793,12
4794,76
4795,47
4796,24
4797,70
4798,86
4799,86
4800,39
4801,19
4802,81
4803,71
4804,94
4805,67
4806,87
4807,17
4808,85
4809,39
4810,35
4811,61
4812,88
4813,1
4814,61
4815,24
4816,69
4817,15
4818,9
4819,35
4820,64
4821,58
4822,76
4823,0
4824,86
4825,5
4826,95
4827,97
4828,79
4829,5
4830,16
4831,14
4832,8
4833,80
4834,11
4835,6
4836,11
4837,85
4838,85
4839,57
4840,51
4841,69
4842,36
4843,8
4844,33
4845,61
4846,11
4847,20
4848,9
4849,37
4850,28
4851,82
4852,89
4853,21
4854,77
4855,86
4856,97
4857,46
4858,23
4859,22
4860,75
4861,43
4862,88
4863,77
4864,85
4865,78
4866,68
4867,3
4868,91
4869,28
4870,85
4871,80
4872,91
4873,19
4874,47
4875,79
4876,98
4877,44
4878,97
4879,85
4880,87
4881,58
4882,97
4883,21
4884,85
4885,91
4886,2
4887,81
4888,85
4889,19
4890,16
4891,87
4892,48
4893,90
4894,50
4895,44
4896,53
4897,99
4898,7
4899,10
4900,39
4901,64
4902,87
4903,41
4904,17
4905,85
4906,6
4907,72
4908,7
4909,28
4910,5
4911,63
4912,92
4913,56
4914,66
4915,80
4916,68
4917,11
4918,20
4919,15
4920,23
4921,55
4922,16
4923,53
4924,87
4925,59
4926,80
4927,48
4928,40
4929,51
4930,17
4931,52
4932,54
4933,94
4934,87
4935,77
4936,44
4937,15
4938,73
4939,28
4940,67
4941,7
4942,75
4943,34
4944,75
4945,3
4946,66
4947,94
4948,53
4949,63
4950,81
4951,55
4952,99
4953,41
4954,32
4955,21
4956,9
4957,59
4958,41
4959,40
4960,48
4961,6
4962,46
4963,83
4964,93
4965,0
4966,14
4967,23
4968,51
4969,4
4970,26
4971,42
4972,80
4973,90
4974,99
4975,47
4976,3
4977,62
4978,92
4979,21
4980,8
4981,81
4982,51
4983,91
4984,80
4985,79
4986,13
4987,18
4988,61
4989,53
4990,54
4991,34
4992,42
4993,33
4994,91
4995,39
4996,55
4997,27
4998,58
4999,39
5000,56
5001,53
5002,82
5003,41
5004,76
5005,82
5006,49
5007,58
5008,58
5009,58
5010,40
5011,37
5012,97
5013,43
5014,68
5015,13
5016,66
5017,13
5018,68
5019,47
5020,89
5021,1
5022,53
5023,23
5024,29
5025,89
5026,35
5027,43
5028,92
5029,15
5030,9
5031,97
5032,10
5033,44
5034,51
5035,58
5036,65
5037,41
5038,7
5039,71
5040,91
5041,17
5042,76
5043,21
5044,88
5045,49
5046,98
5047,54
5048,86
5049,85
5050,63
5051,91
5052,33
5053,49
5054,32
5055,31
5056,78
5057,41
5058,64
5059,37
5060,66
5061,98
5062,76
5063,8
5064,13
5065,53
5066,87
5067,15
5068,28
5069,63
5070,32
5071,88
5072,3
5073,78
5074,99
5075,75
5076,21
5077,3
5078,64
5079,75
5080,77
5081,85
5082,94
5083,10
5084,34
5085,92
5086,72
5087,64
5088,1
5089,31
5090,21
5091,13
5092,98
5093,69
5094,96
5095,77
5096,20
5097,91
5098,68
5099,36
5100,76
5101,5
5102,41
5103,15
5104,49
5105,64
5106,29
5107,10
5108,83
5109,42
5110,48
5111,18
5112,48
5113,97
5114,48
5115,17
5116,28
5117,40
5118,2
5119,17
5120,21
5121,85
5122,59
5123,7
5124,81
5125,75
5126,11
5127,10
5128,3
5129,58
5130,90
5131,43
5132,31
5133,91
5134,71
5135,28
5136,12
5137,15
5138,78
5139,87
5140,87
5141,89
5142,43
5143,7
5144,58
5145,47
5146,5
5147,98
5148,6
5149,13
5150,91
5151,61
5152,91
5153,11
5154,11
5155,82
5156,55
5157,95
5158,47
5159,43
5160,57
5161,54
5162,48
5163,13
5164,85
5165,4
5166,40
5167,21
5168,6
5169,27
5170,57
5171,8
5172,28
5173,30
5174,98
5175,48
5176,13
5177,36
5178,15
5179,86
5180,34
5181,40
5182,89
5183,98
5184,13
5185,43
5186,60
5187,69
5188,12
5189,89
5190,50
5191,24
5192,49
5193,12
5194,71
5195,87
5196,71
5197,11
5198,7
5199,88
5200,27
5201,85
5202,25
5203,11
5204,44
5205,17
5206,18
5207,75
5208,75
5209,14
5210,97
5211,0
5212,60
5213,72
5214,57
5215,94
5216,48
5217,75
5218,15
5219,51
5220,97
5221,67
5222,89
5223,52
5224,52
5225,58
5226,36
5227,87
5228,99
5229,86
5230,94
5231,42
5232,71
5233,64
5234,99
5235,72
5236,22
5237,52
5238,59
5239,5
5240,60
5241,71
5242,34
5243,74
5244,66
5245,56
5246,24
5247,72
5248,76
5249,98
5250,39
5251,16
5252,21
5253,43
5254,97
5255,12
5256,55
5257,19
5258,10
5259,15
5260,82
5261,3
5262,67
5263,47
5264,71
5265,59
5266,59
5267,85
5268,28
5269,87
5270,61
5271,36
5272,90
5273,63
5274,21
5275,95
5276,26
5277,43
5278,13
5279,88
5280,59
5281,33
5282,53
5283,73
5284,96
5285,4
5286,85
5287,89
5288,79
5289,1
5290,55
5291,97
5292,14
5293,15
5294,13
5295,75
5296,1
5297,92
5298,88
5299,64
5300,92
5301,71
5302,6
5303,96
5304,48
5305,30
5306,0
5307,6
5308,0
5309,0
5310,66
5311,48
5312,36
5313,60
5314,89
5315,16
5316,42
5317,58
5318,22
5319,41
5320,75
5321,37
5322,21
5323,60
5324,86
5325,85
5326,83
5327,37
5328,19
5329,88
5330,77
5331,36
5332,14
5333,94
5334,77
5335,95
5336,64
5337,8
5338,28
5339,26
5340,1
5341,34
5342,48
5343,98
5344,85
5345,11
5346,61
5347,64
5348,43
5349,25
5350,48
5351,89
5352,36
5353,79
5354,31
5355,76
5356,74
5357,61
5358,56
5359,10
5360,44
5361,15
5362,66
5363,44
5364,43
5365,61
5366,51
5367,85
5368,95
5369,99
5370,0
5371,80
5372,26
5373,33
5374,97
5375,89
5376,36
5377,28
5378,78
5379,76
5380,95
5381,11
5382,6
5383,38
5384,60
5385,3
5386,92
5387,94
5388,10
5389,6
5390,62
5391,11
5392,28
5393,66
5394,61
5395,29
5396,55
5397,95
5398,55
5399,44
5400,17
5401,78
5402,40
5403,87
5404,53
5405,78
5406,87
5407,50
5408,43
5409,67
5410,52
5411,87
5412,1
5413,28
5414,98
5415,5
5416,98
5417,17
5418,28
5419,89
5420,73
5421,1
5422,22
5423,12
5424,78
5425,97
5426,40
5427,7
5428,94
5429,85
5430,48
5431,16
5432,85
5433,74
5434,59
5435,51
5436,83
5437,58
5438,92
5439,60
5440,9
5441,8
5442,10
5443,73
5444,18
5445,89
5446,3
5447,67
5448,56
5449,97
5450,92
5451,11
5452,36
5453,43
5454,87
5455,19
5456,24
5457,5
5458,43
5459,17
5460,48
5461,19
5462,73
5463,22
5464,48
5465,12
5466,3
5467,48
5468,95
5469,41
5470,56
5471,74
5472,42
5473,20
5474,83
5475,75
5476,62
5477,87
5478,43
5479,28
5480,74
5481,50
5482,28
5483,44
5484,51
5485,83
5486,48
5487,6
5488,73
5489,65
5490,90
5491,18
5492,21
5493,88
5494,15
5495,41
5496,0
5497,21
5498,72
5499,59
5500,72
5501,57
5502,72
5503,87
5504,72
5505,66
5506,14
5507,14
5508,10
5509,40
5510,66
5511,15
5512,11
5513,80
5514,92
5515,37
5516,15
5517,84
5518,7
5519,15
5520,92
5521,92
5522,28
5523,27
5524,36
5525,31
5526,87
5527,16
5528,37
5529,6
5530,19
5531,87
5532,29
5533,13
5534,26
5535,11
5536,2
5537,68
5538,52
5539,18
5540,64
5541,75
5542,58
5543,65
5544,89
5545,9
5546,97
5547,80
5548,21
5549,32
5550,89
5551,69
5552,57
5553,71
5554,95
5555,28
5556,7
5557,13
5558,6
5559,24
5560,73
5561,60
5562,64
5563,59
5564,35
5565,94
5566,97
5567,23
5568,58
5569,33
5570,97
5571,85
5572,48
5573,82
5574,21
5575,55
5576,40
5577,39
5578,58
5579,34
5580,5
5581,17
5582,87
5583,90
5584,70
5585,67
5586,87
5587,5
5588,28
5589,18
5590,10
5591,74
5592,62
5593,41
5594,1
5595,78
5596,85
5597,80
5598,89
5599,61
5600,85
5601,64
5602,46
5603,20
5604,7
5605,55
5606,63
5607,53
5608,40
5609,37
5610,33
5611,49
5612,48
5613,63
5614,5
5615,31
5616,54
5617,28
5618,72
5619,34
5620,96
5621,63
5622,70
5623,98
5624,93
5625,61
5626,35
5627,34
5628,7
5629,56
5630,68
5631,13
5632,81
5633,39
5634,13
5635,37
5636,11
5637,81
5638,85
5639,29
5640,72
5641,23
5642,3
5643,94
5644,22
5645,47
5646,77
5647,87
5648,13
5649,40
5650,48
5651,59
5652,23
5653,26
5654,58
5655,57
5656,30
5657,60
5658,92
5659,33
5660,68
5661,52
5662,92
5663,86
5664,36
5665,77
5666,94
5667,73
5668,70
5669,59
5670,26
5671,74
5672,55
5673,72
5674,25
5675,0
5676,61
5677,24
5678,56
5679,0
5680,83
5681,3
5682,37
5683,20
5684,54
5685,11
5686,9
5687,87
5688,65
5689,78
5690,84
5691,48
5692,1
5693,56
5694,10
5695,49
5696,89
5697,36
5698,42
5699,20
5700,72
5701,67
5702,87
5703,71
5704,36
5705,91
5706,27
5707,50
5708,54
5709,7
5710,31
5711,6
5712,15
5713,92
5714,36
5715,58
5716,10
5717,64
5718,80
5719,31
5720,85
5721,71
5722,59
5723,33
5724,99
5725,70
5726,34
5727,53
5728,17
5729,93
5730,66
5731,0
5732,58
5733,87
5734,85
5735,1
5736,58
5737,66
5738,81
5739,98
5740,20
5741,9
5742,14
5743,68
5744,50
5745,98
5746,34
5747,15
5748,13
5749,17
5750,95
5751,72
5752,36
5753,1
5754,59
5755,72
5756,58
5757,81
5758,56
5759,44
5760,16
5761,32
5762,57
5763,90
5764,75
5765,6
5766,40
5767,63
5768,22
5769,2
5770,54
5771,36
5772,76
5773,95
5774,35
5775,6
5776,5
5777,40
5778,40
5779,43
5780,91
5781,43
5782,97
5783,64
5784,62
5785,33
5786,22
5787,66
5788,26
5789,70
5790,49
5791,30
5792,24
5793,95
5794,3
5795,55
5796,59
5797,15
5798,11
5799,92
5800,83
5801,80
5802,43
5803,30
5804,67
5805,55
5806,41
5807,0
5808,97
5809,92
5810,40
5811,5
5812,87
5813,13
5814,12
5815,77
5816,60
5817,13
5818,13
5819,42
5820,51
5821,36
5822,59
5823,92
5824,14
5825,94
5826,65
5827,56
5828,37
5829,65
5830,66
5831,58
5832,34
5833,88
5834,58
5835,24
5836,28
5837,56
5838,31
5839,41
5840,62
5841,7
5842,48
5843,38
5844,26
5845,22
5846,59
5847,1
5848,53
5849,28
5850,96
5851,73
5852,15
5853,13
5854,47
5855,8
5856,30
5857,17
5858,1
5859,18
5860,91
5861,92
5862,34
5863,57
5864,60
5865,16
5866,54
5867,7
5868,52
5869,50
5870,64
5871,85
5872,64
5873,78
5874,74
5875,71
5876,85
5877,8
5878,31
5879,28
5880,17
5881,62
5882,75
5883,78
5884,16
5885,0
5886,17
5887,26
5888,71
5889,34
5890,64
5891,99
5892,7
5893,13
5894,28
5895,75
5896,1
5897,35
5898,94
5899,41
5900,0
5901,19
5902,27
5903,65
5904,82
5905,42
5906,70
5907,73
5908,19
5909,72
5910,92
5911,97
5912,97
5913,0
5914,57
5915,55
5916,46
5917,53
5918,85
5919,59
5920,13
5921,5
5922,67
5923,19
5924,41
5925,41
5926,20
5927,87
5928,65
5929,79
5930,99
5931,83
5932,13
5933,98
5934,34
5935,73
5936,40
5937,81
5938,66
5939,9
5940,39
5941,60
5942,88
5943,51
5944,43
5945,34
5946,19
5947,64
5948,91
5949,78
5950,58
5951,23
5952,71
5953,68
5954,75
5955,85
5956,89
5957,41
5958,1
5959,22
5960,41
5961,30
5962,77
5963,64
5964,43
5965,60
5966,35
5967,92
5968,91
5969,13
5970,64
5971,35
5972,35
5973,91
5974,85
5975,70
5976,87
5977,37
5978,22
5979,97
5980,98
5981,25
5982,55
5983,20
5984,21
5985,81
5986,95
5987,9
5988,10
5989,12
5990,24
5991,61
5992,4
5993,92
5994,83
5995,20
5996,41
5997,49
5998,92
5999,74
6000,31
6001,18
6002,35
6003,23
6004,47
6005,89
6006,95
6007,88
6008,94
6009,77
6010,43
6011,17
6012,81
6013,76
6014,41
6015,13
6016,95
6017,30
6018,9
6019,67
6020,86
6021,2
6022,48
6023,98
6024,97
6025,9
6026,88
6027,21
6028,36
6029,72
6030,82
6031,87
6032,47
6033,10
6034,80
6035,92
6036,93
6037,36
6038,54
6039,88
6040,87
6041,98
6042,39
6043,92
6044,15
6045,36
6046,94
6047,83
6048,59
6049,70
6050,92
6051,22
6052,74
6053,14
6054,29
6055,97
6056,99
6057,16
6058,21
6059,28
6060,98
6061,34
6062,85
6063,89
6064,7
6065,57
6066,81
6067,34
6068,27
6069,28
6070,13
6071,28
6072,49
6073,29
6074,87
6075,13
6076,36
6077,72
6078,92
6079,10
6080,34
6081,12
6082,25
6083,17
6084,29
6085,64
6086,80
6087,97
6088,92
6089,9
6090,85
6091,38
6092,27
6093,28
6094,43
6095,53
6096,64
6097,61
6098,26
6099,0
6100,32
6101,13
6102,92
6103,43
6104,31
6105,97
6106,56
6107,23
6108,71
6109,88
6110,9
6111,3
6112,39
6113,66
6114,96
6115,63
6116,13
6117,39
6118,85
6119,31
6120,84
6121,77
6122,13
6123,18
6124,43
6125,96
6126,11
6127,6
6128,72
6129,70
6130,19
6131,86
6132,97
6133,6
6134,14
6135,51
6136,85
6137,59
6138,25
6139,78
6140,21
6141,20
6142,97
6143,36
6144,48
6145,39
6146,7
6147,50
6148,98
6149,12
6150,73
6151,31
6152,51
6153,21
6154,66
6155,6
6156,66
6157,97
6158,67
6159,75
6160,97
6161,87
6162,34
6163,34
6164,56
6165,22
6166,16
6167,70
6168,9
6169,25
6170,67
6171,50
6172,17
6173,40
6174,47
6175,84
6176,87
6177,50
6178,64
6179,49
6180,78
6181,68
6182,86
6183,96
6184,28
6185,55
6186,19
6187,97
6188,23
6189,87
6190,63
6191,87
6192,1
6193,40
6194,51
6195,64
6196,26
6197,57
6198,22
6199,53
6200,37
6201,34
6202,72
6203,75
6204,22
6205,30
6206,73
6207,18
6208,49
6209,66
6210,78
6211,13
6212,53
6213,87
6214,9
6215,51
6216,40
6217,9
6218,39
6219,41
6220,96
6221,15
6222,92
6223,46
6224,88
6225,35
6226,8
6227,2
6228,85
6229,97
6230,11
6231,79
6232,12
6233,20
6234,95
6235,68
6236,47
6237,94
6238,22
6239,9
6240,23
6241,11
6242,4
6243,80
6244,14
6245,20
6246,17
6247,98
6248,95
6249,96
6250,60
6251,28
6252,10
6253,0
6254,25
6255,3
6256,98
6257,29
6258,24
6259,71
6260,52
6261,60
6262,13
6263,57
6264,52
6265,87
6266,89
6267,61
6268,83
6269,22
6270,92
6271,56
6272,41
6273,45
6274,29
6275,60
6276,50
6277,7
6278,88
6279,48
6280,81
6281,28
6282,18
6283,71
6284,44
6285,55
6286,80
6287,67
6288,27
6289,5
6290,43
6291,98
6292,66
6293,42
6294,90
6295,52
6296,1
6297,86
6298,10
6299,86
6300,19
6301,2
6302,36
6303,64
6304,87
6305,55
6306,66
6307,85
6308,33
6309,6
6310,43
6311,72
6312,54
6313,40
6314,91
6315,71
6316,56
6317,98
6318,69
6319,89
6320,7
6321,36
6322,37
6323,87
6324,97
6325,27
6326,43
6327,10
6328,75
6329,16
6330,64
6331,66
6332,52
6333,52
6334,94
6335,66
6336,24
6337,69
6338,41
6339,13
6340,39
6341,25
6342,22
6343,41
6344,44
6345,71
6346,38
6347,9
6348,26
6349,95
6350,2
6351,54
6352,25
6353,21
6354,56
6355,72
6356,64
6357,97
6358,73
6359,47
6360,41
6361,24
6362,59
6363,19
6364,20
6365,7
6366,92
6367,96
6368,13
6369,63
6370,41
6371,77
6372,8
6373,72
6374,98
6375,79
6376,9
6377,85
6378,81
6379,89
6380,83
6381,60
6382,48
6383,21
6384,2
6385,30
6386,98
6387,21
6388,82
6389,90
6390,94
6391,34
6392,49
6393,75
6394,79
6395,42
6396,75
6397,14
6398,89
6399,36
6400,0
6401,97
6402,67
6403,81
6404,67
6405,52
6406,17
6407,76
6408,5
6409,43
6410,69
6411,13
6412,37
6413,94
6414,92
6415,0
6416,48
6417,98
6418,38
6419,39
6420,40
6421,60
6422,31
6423,87
6424,7
6425,68
6426,52
6427,89
6428,4
6429,14
6430,89
6431,40
6432,27
6433,97
6434,41
6435,85
6436,97
6437,75
6438,26
6439,64
6440,9
6441,66
6442,78
6443,59
6444,33
6445,44
6446,3
6447,21
6448,43
6449,48
6450,50
6451,25
6452,32
6453,14
6454,40
6455,44
6456,80
6457,16
6458,10
6459,45
6460,12
6461,99
6462,18
6463,6
6464,41
6465,11
6466,57
6467,14
6468,44
6469,97
6470,32
6471,30
6472,40
6473,48
6474,85
6475,15
6476,92
6477,5
6478,71
6479,59
6480,85
6481,88
6482,22
6483,43
6484,19
6485,64
6486,26
6487,85
6488,99
6489,30
6490,22
6491,20
6492,66
6493,57
6494,21
6495,29
6496,75
6497,91
6498,63
6499,36
6500,22
6501,60
6502,26
6503,84
6504,59
6505,53
6506,85
6507,94
6508,22
6509,29
6510,60
6511,3
6512,94
6513,79
6514,55
6515,63
6516,53
6517,87
6518,80
6519,77
6520,78
6521,88
6522,40
6523,1
6524,6
6525,24
6526,55
6527,27
6528,97
6529,13
6530,25
6531,87
6532,41
6533,65
6534,46
6535,24
6536,57
6537,91
6538,31
6539,4
6540,26
6541,16
6542,96
6543,87
6544,89
6545,34
6546,40
6547,48
6548,56
6549,18
6550,53
6551,62
6552,74
6553,8
6554,65
6555,97
6556,81
6557,12
6558,91
6559,10
6560,57
6561,66
6562,96
6563,60
6564,43
6565,74
6566,3
6567,31
6568,87
6569,49
6570,10
6571,24
6572,68
6573,98
6574,58
6575,51
6576,65
6577,36
6578,65
6579,78
6580,72
6581,65
6582,5
6583,64
6584,48
6585,35
6586,49
6587,92
6588,89
6589,95
6590,10
6591,20
6592,96
6593,71
6594,20
6595,6
6596,67
6597,28
6598,76
6599,31
6600,38
6601,6
6602,9
6603,3
6604,54
6605,38
6606,35
6607,59
6608,25
6609,36
6610,36
6611,11
6612,52
6613,73
6614,87
6615,92
6616,15
6617,11
6618,59
6619,20
6620,47
6621,60
6622,97
6623,36
6624,35
6625,7
6626,27
6627,24
6628,57
6629,15
6630,36
6631,80
6632,67
6633,41
6634,82
6635,71
6636,76
6637,55
6638,91
6639,21
6640,13
6641,53
6642,55
6643,96
6644,77
6645,41
6646,56
6647,82
6648,64
6649,80
6650,71
6651,35
6652,64
6653,58
6654,43
6655,20
6656,87
6657,22
6658,32
6659,18
6660,53
6661,60
6662,36
6663,83
6664,7
6665,32
6666,66
6667,87
6668,51
6669,98
6670,69
6671,28
6672,11
6673,22
6674,49
6675,21
6676,1
6677,1
6678,19
6679,51
6680,73
6681,97
6682,91
6683,92
6684,76
6685,33
6686,21
6687,82
6688,75
6689,61
6690,55
6691,90
6692,78
6693,34
6694,87
6695,99
6696,85
6697,70
6698,2
6699,14
6700,78
6701,1
6702,95
6703,90
6704,64
6705,38
6706,84
6707,73
6708,47
6709,35
6710,22
6711,97
6712,16
6713,8
6714,5
6715,91
6716,35
6717,71
6718,21
6719,28
6720,1
6721,15
6722,55
6723,75
6724,51
6725,37
6726,18
6727,95
6728,91
6729,51
6730,48
6731,65
6732,6
6733,37
6734,5
6735,1
6736,97
6737,14
6738,83
6739,23
6740,78
6741,47
6742,13
6743,41
6744,76
6745,78
6746,38
6747,36
6748,24
6749,86
6750,57
6751,50
6752,7
6753,91
6754,92
6755,92
6756,73
6757,64
6758,35
6759,1
6760,61
6761,35
6762,90
6763,55
6764,81
6765,74
6766,64
6767,63
6768,47
6769,85
6770,36
6771,66
6772,10
6773,52
6774,67
6775,9
6776,85
6777,5
6778,15
6779,77
6780,36
6781,23
6782,41
6783,94
6784,86
6785,17
6786,1
6787,92
6788,40
6789,36
6790,37
6791,13
6792,14
6793,28
6794,77
6795,22
6796,75
6797,24
6798,72
6799,48
6800,24
6801,92
6802,64
6803,57
6804,93
6805,2
6806,0
6807,89
6808,7
6809,94
6810,68
6811,66
6812,15
6813,10
6814,81
6815,55
6816,80
6817,51
6818,26
6819,35
6820,52
6821,92
6822,85
6823,94
6824,37
6825,83
6826,40
6827,0
6828,92
6829,96
6830,64
6831,78
6832,89
6833,54
6834,85
6835,59
6836,96
6837,41
6838,29
6839,62
6840,25
6841,10
6842,1
6843,40
6844,26
6845,82
6846,89
6847,92
6848,8
6849,19
6850,67
6851,10
6852,22
6853,19
6854,85
6855,45
6856,77
6857,57
6858,87
6859,0
6860,20
6861,25
6862,21
6863,94
6864,68
6865,8
6866,89
6867,69
6868,95
6869,43
6870,60
6871,87
6872,0
6873,12
6874,90
6875,35
6876,54
6877,45
6878,36
6879,4
6880,3
6881,38
6882,17
6883,98
6884,81
6885,40
6886,9
6887,99
6888,18
6889,9
6890,22
6891,40
6892,23
6893,36
6894,1
6895,36
6896,92
6897,26
6898,55
6899,9
6900,13
6901,91
6902,87
6903,85
6904,30
6905,5
6906,54
6907,13
6908,76
6909,19
6910,67
6911,51
6912,10
6913,15
6914,66
6915,8
6916,80
6917,38
6918,27
6919,15
6920,13
6921,25
6922,0
6923,97
6924,88
6925,77
6926,52
6927,54
6928,6
6929,12
6930,89
6931,53
6932,21
6933,18
6934,92
6935,36
6936,11
6937,11
6938,31
6939,92
6940,41
6941,65
6942,28
6943,20
6944,92
6945,96
6946,21
6947,41
6948,21
6949,92
6950,56
6951,88
6952,76
6953,71
6954,48
6955,87
6956,45
6957,60
6958,44
6959,40
6960,24
6961,13
6962,86
6963,76
6964,3
6965,51
6966,60
6967,97
6968,50
6969,36
6970,43
6971,7
6972,89
6973,59
6974,59
6975,53
6976,86
6977,7
6978,87
6979,54
6980,46
6981,87
6982,38
6983,52
6984,44
6985,51
6986,54
6987,85
6988,61
6989,75
6990,3
6991,55
6992,17
6993,92
6994,98
6995,22
6996,64
6997,66
6998,39
6999,18
7000,11
7001,91
7002,51
7003,7
7004,42
7005,89
7006,89
7007,83
7008,1
7009,73
7010,85
7011,75
7012,9
7013,87
7014,87
7015,59
7016,38
7017,82
7018,27
7019,6
7020,45
7021,11
7022,14
7023,16
7024,11
7025,70
7026,37
7027,80
7028,97
7029,95
7030,69
7031,60
7032,66
7033,86
7034,78
7035,79
7036,66
7037,64
7038,29
7039,23
7040,45
7041,53
7042,95
7043,85
7044,46
7045,87
7046,84
7047,82
7048,71
7049,14
7050,87
7051,37
7052,86
7053,50
7054,28
7055,29
7056,62
7057,50
7058,41
7059,11
7060,63
7061,46
7062,36
7063,87
7064,57
7065,1
7066,96
7067,10
7068,40
7069,52
7070,85
7071,10
7072,23
7073,6
7074,57
7075,50
7076,2
7077,9
7078,42
7079,21
7080,13
7081,95
7082,29
7083,81
7084,46
7085,64
7086,58
7087,92
7088,72
7089,16
7090,9
7091,6
7092,34
7093,75
7094,1
7095,7
7096,39
7097,1
7098,68
7099,83
7100,60
7101,6
7102,84
7103,23
7104,36
7105,9
7106,63
7107,17
7108,31
7109,48
7110,48
7111,2
7112,91
7113,66
7114,78
7115,44
7116,81
7117,48
7118,56
7119,58
7120,70
7121,85
7122,70
7123,94
7124,41
7125,97
7126,10
7127,80
7128,15
7129,92
7130,35
7131,58
7132,85
7133,13
7134,57
7135,97
7136,16
7137,84
7138,3
7139,92
7140,85
7141,34
7142,27
7143,45
7144,97
7145,68
7146,41
7147,31
7148,95
7149,85
7150,77
7151,95
7152,77
7153,96
7154,76
7155,32
7156,51
7157,19
7158,52
7159,84
7160,48
7161,77
7162,97
7163,35
7164,31
7165,40
7166,75
7167,69
7168,36
7169,75
7170,92
7171,94
7172,86
7173,55
7174,16
7175,90
7176,56
7177,55
7178,47
7179,19
7180,60
7181,51
7182,41
7183,41
7184,61
7185,65
7186,96
7187,41
7188,85
7189,74
7190,57
7191,23
7192,20
7193,38
7194,15
7195,25
7196,77
7197,62
7198,15
7199,62
7200,15
7201,47
7202,75
7203,83
7204,28
7205,27
7206,5
7207,13
7208,46
7209,48
7210,52
7211,54
7212,71
7213,7
7214,60
7215,41
7216,50
7217,49
7218,83
7219,0
7220,19
7221,87
7222,55
7223,84
7224,10
7225,50
7226,75
7227,41
7228,36
7229,51
7230,75
7231,46
7232,53
7233,7
7234,17
7235,36
7236,57
7237,45
7238,14
7239,89
7240,98
7241,27
7242,8
7243,21
7244,28
7245,18
7246,66
7247,32
7248,34
7249,48
7250,75
7251,18
7252,92
7253,76
7254,95
7255,91
7256,43
7257,37
7258,82
7259,13
7260,11
7261,54
7262,8
7263,38
7264,67
7265,66
7266,8
7267,87
7268,53
7269,1
7270,55
7271,26
7272,55
7273,6
7274,87
7275,78
7276,35
7277,24
7278,75
7279,80
7280,87
7281,8
7282,48
7283,42
7284,51
7285,87
7286,13
7287,83
7288,85
7289,48
7290,35
7291,26
7292,1
7293,31
7294,55
7295,26
7296,64
7297,44
7298,15
7299,19
7300,40
7301,3
7302,55
7303,87
7304,55
7305,11
7306,77
7307,36
7308,97
7309,73
7310,11
7311,58
7312,24
7313,92
7314,63
7315,26
7316,60
7317,34
7318,73
7319,5
7320,58
7321,74
7322,73
7323,92
7324,1
7325,21
7326,36
7327,36
7328,82
7329,95
7330,71
7331,61
7332,23
7333,29
7334,51
7335,40
7336,50
7337,25
7338,19
7339,1
7340,7
7341,28
7342,68
7343,75
7344,5
7345,10
7346,11
7347,41
7348,55
7349,47
7350,57
7351,80
7352,56
7353,88
7354,92
7355,40
7356,51
7357,19
7358,20
7359,65
7360,76
7361,92
7362,16
7363,68
7364,70
7365,0
7366,5
7367,42
7368,35
7369,48
7370,38
7371,67
7372,77
7373,34
7374,40
7375,15
7376,13
7377,29
7378,8
7379,10
7380,28
7381,29
7382,19
7383,87
7384,52
7385,7
7386,64
7387,26
7388,85
7389,58
7390,87
7391,85
7392,26
7393,96
7394,75
7395,80
7396,23
7397,37
7398,72
7399,3
7400,65
7401,53
7402,23
7403,78
7404,43
7405,40
7406,9
7407,42
7408,56
7409,83
7410,40
7411,97
7412,15
7413,34
7414,52
7415,9
7416,86
7417,97
7418,57
7419,56
7420,61
7421,83
7422,81
7423,9
7424,0
7425,97
7426,97
7427,27
7428,10
7429,92
7430,13
7431,40
7432,64
7433,74
7434,3
7435,62
7436,10
7437,94
7438,52
7439,86
7440,21
7441,13
7442,70
7443,98
7444,15
7445,15
7446,68
7447,66
7448,24
7449,63
7450,56
7451,60
7452,12
7453,53
7454,64
7455,35
7456,20
7457,92
7458,24
7459,16
7460,26
7461,58
7462,19
7463,14
7464,75
7465,22
7466,30
7467,21
7468,75
7469,94
7470,29
7471,48
7472,97
7473,73
7474,12
7475,34
7476,63
7477,85
7478,33
7479,23
7480,53
7481,11
7482,70
7483,51
7484,8
7485,55
7486,56
7487,11
7488,60
7489,48
7490,21
7491,21
7492,60
7493,56
7494,63
7495,34
7496,96
7497,79
7498,17
7499,94
7500,16
7501,41
7502,91
7503,43
7504,14
7505,92
7506,6
7507,8
7508,13
7509,85
7510,96
7511,27
7512,13
7513,63
7514,59
7515,10
7516,78
7517,7
7518,53
7519,17
7520,27
7521,43
7522,61
7523,54
7524,87
7525,7
7526,68
7527,3
7528,40
7529,64
7530,10
7531,41
7532,71
7533,97
7534,37
7535,20
7536,87
7537,90
7538,52
7539,29
7540,83
7541,51
7542,20
7543,84
7544,41
7545,87
7546,91
7547,45
7548,3
7549,93
7550,86
7551,12
7552,60
7553,58
7554,99
7555,1
7556,83
7557,44
7558,40
7559,58
7560,88
7561,97
7562,88
7563,19
7564,28
7565,71
7566,19
7567,48
7568,58
7569,48
7570,58
7571,16
7572,74
7573,3
7574,30
7575,63
7576,93
7577,15
7578,46
7579,32
7580,45
7581,87
7582,38
7583,56
7584,26
7585,24
7586,92
7587,31
7588,92
7589,10
7590,89
7591,83
7592,78
7593,53
7594,6
7595,55
7596,28
7597,37
7598,54
7599,66
7600,95
7601,14
7602,59
7603,24
7604,94
7605,7
7606,94
7607,94
7608,36
7609,80
7610,65
7611,52
7612,87
7613,97
7614,43
7615,34
7616,82
7617,11
7618,75
7619,25
7620,50
7621,34
7622,10
7623,85
7624,30
7625,74
7626,22
7627,75
7628,81
7629,53
7630,91
7631,52
7632,51
7633,85
7634,53
7635,65
7636,79
7637,37
7638,0
7639,34
7640,48
7641,96
7642,62
7643,7
7644,53
7645,14
7646,13
7647,19
7648,8
7649,68
7650,72
7651,3
7652,83
7653,92
7654,83
7655,0
7656,86
7657,51
7658,58
7659,85
7660,89
7661,87
7662,66
7663,61
7664,41
7665,97
7666,52
7667,66
7668,68
7669,80
7670,3
7671,46
7672,65
7673,66
7674,35
7675,50
7676,88
7677,14
7678,75
7679,53
7680,72
7681,5
7682,98
7683,82
7684,7
7685,97
7686,36
7687,7
7688,27
7689,1
7690,5
7691,37
7692,55
7693,41
7694,94
7695,33
7696,65
7697,8
7698,39
7699,23
7700,6
7701,31
7702,63
7703,60
7704,64
7705,89
7706,75
7707,46
7708,66
7709,60
7710,85
7711,78
7712,50
7713,34
7714,40
7715,85
7716,36
7717,80
7718,41
7719,29
7720,54
7721,87
7722,37
7723,75
7724,66
7725,49
7726,7
7727,19
7728,9
7729,5
7730,57
7731,83
7732,10
7733,10
7734,85
7735,63
7736,89
7737,22
7738,85
7739,39
7740,62
7741,25
7742,11
7743,98
7744,70
7745,92
7746,49
7747,92
7748,87
7749,90
7750,38
7751,65
7752,64
7753,36
7754,83
7755,82
7756,51
7757,46
7758,43
7759,66
7760,80
7761,2
7762,9
7763,91
7764,40
7765,36
7766,55
7767,25
7768,78
7769,73
7770,40
7771,0
7772,97
7773,1
7774,87
7775,50
7776,82
7777,24
7778,43
7779,16
7780,87
7781,39
7782,7
7783,63
7784,10
7785,51
7786,96
7787,80
7788,91
7789,66
7790,53
7791,30
7792,84
7793,27
7794,5
7795,26
7796,53
7797,89
7798,25
7799,15
7800,15
7801,15
7802,87
7803,66
7804,28
7805,36
7806,48
7807,73
7808,3
7809,97
7810,77
7811,21
7812,13
7813,57
7814,92
7815,3
7816,13
7817,74
7818,29
7819,1
7820,91
7821,61
7822,75
7823,13
7824,71
7825,92
7826,46
7827,52
7828,94
7829,89
7830,90
7831,56
7832,57
7833,34
7834,60
7835,89
7836,30
7837,85
7838,78
7839,74
7840,38
7841,80
7842,54
7843,83
7844,60
7845,17
7846,51
7847,18
7848,14
7849,86
7850,9
7851,90
7852,85
7853,32
7854,63
7855,43
7856,30
7857,87
7858,73
7859,43
7860,99
7861,0
7862,8
7863,90
7864,65
7865,34
7866,41
7867,37
7868,30
7869,53
7870,21
7871,48
7872,5
7873,97
7874,89
7875,3
7876,46
7877,90
7878,40
7879,85
7880,87
7881,51
7882,37
7883,16
7884,89
7885,25
7886,69
7887,83
7888,74
7889,85
7890,24
7891,77
7892,97
7893,86
7894,44
7895,9
7896,52
7897,65
7898,55
7899,40
7900,85
7901,84
7902,6
7903,91
7904,74
7905,35
7906,7
7907,41
7908,44
7909,53
7910,23
7911,14
7912,80
7913,86
7914,75
7915,26
7916,6
7917,22
7918,96
7919,76
7920,52
7921,89
7922,19
7923,22
7924,34
7925,29
7926,66
7927,7
7928,30
7929,46
7930,1
7931,23
7932,36
7933,16
7934,5
7935,43
7936,93
7937,27
7938,39
7939,24
7940,62
7941,53
7942,54
7943,31
7944,18
7945,84
7946,75
7947,8
7948,56
7949,8
7950,88
7951,92
7952,6
7953,30
7954,73
7955,2
7956,17
7957,87
7958,64
7959,27
7960,45
7961,83
7962,58
7963,30
7964,18
7965,20
7966,4
7967,25
7968,57
7969,18
7970,23
7971,29
7972,85
7973,34
7974,97
7975,16
7976,86
7977,40
7978,95
7979,45
7980,21
7981,0
7982,87
7983,46
7984,11
7985,87
7986,54
7987,29
7988,85
7989,82
7990,34
7991,82
7992,17
7993,34
7994,69
7995,12
7996,1
7997,46
7998,28
7999,58
8000,6
8001,1
8002,34
8003,18
8004,53
8005,3
8006,40
8007,1
8008,91
8009,0
8010,1
8011,1
8012,46
8013,92
8014,19
8015,88
8016,11
8017,21
8018,56
8019,57
8020,92
8021,61
8022,7
8023,13
8024,17
8025,53
8026,89
8027,18
8028,89
8029,6
8030,96
8031,41
8032,64
8033,15
8034,25
8035,60
8036,83
8037,3
8038,38
8039,81
8040,24
8041,90
8042,75
8043,17
8044,7
8045,0
8046,87
8047,44
8048,30
8049,14
8050,56
8051,80
8052,12
8053,54
8054,19
8055,79
8056,8
8057,43
8058,65
8059,65
8060,87
8061,53
8062,46
8063,80
8064,31
8065,48
8066,57
8067,33
8068,29
8069,98
8070,21
8071,87
8072,87
8073,50
8074,22
8075,87
8076,66
8077,57
8078,2
8079,21
8080,34
8081,3
8082,58
8083,26
8084,64
8085,13
8086,91
8087,84
8088,9
8089,89
8090,94
8091,75
8092,85
8093,70
8094,59
8095,41
8096,2
8097,59
8098,30
8099,92
8100,34
8101,64
8102,22
8103,49
8104,18
8105,97
8106,70
8107,21
8108,38
8109,34
8110,61
8111,40
8112,81
8113,27
8114,24
8115,43
8116,78
8117,1
8118,3
8119,35
8120,1
8121,84
8122,10
8123,28
8124,75
8125,91
8126,58
8127,90
8128,68
8129,60
8130,97
8131,0
8132,77
8133,92
8134,67
8135,0
8136,7
8137,56
8138,35
8139,28
8140,3
8141,89
8142,18
8143,57
8144,98
8145,98
8146,21
8147,58
8148,41
8149,31
8150,10
8151,10
8152,84
8153,45
8154,51
8155,15
8156,64
8157,57
8158,40
8159,11
8160,67
8161,44
8162,66
8163,60
8164,7
8165,58
8166,92
8167,50
8168,98
8169,89
8170,28
8171,3
8172,55
8173,76
8174,60
8175,76
8176,91
8177,97
8178,8
8179,3
8180,62
8181,43
8182,91
8183,41
8184,63
8185,34
8186,88
8187,97
8188,53
8189,21
8190,28
8191,48
8192,95
8193,45
8194,47
8195,61
8196,60
8197,73
8198,36
8199,29
8200,63
8201,43
8202,30
8203,92
8204,92
8205,78
8206,55
8207,87
8208,18
8209,20
8210,3
8211,0
8212,85
8213,66
8214,18
8215,23
8216,55
8217,95
8218,81
8219,58
8220,73
8221,60
8222,21
8223,92
8224,3
8225,46
8226,28
8227,79
8228,13
8229,75
8230,91
8231,19
8232,48
8233,39
8234,99
8235,85
8236,87
8237,26
8238,75
8239,36
8240,77
8241,21
8242,75
8243,92
8244,25
8245,61
8246,15
8247,38
8248,69
8249,1
8250,53
8251,30
8252,87
8253,35
8254,29
8255,7
8256,18
8257,48
8258,13
8259,91
8260,35
8261,43
8262,92
8263,31
8264,28
8265,55
8266,30
8267,43
8268,85
8269,85
8270,57
8271,98
8272,20
8273,18
8274,98
8275,75
8276,11
8277,13
8278,22
8279,73
8280,79
8281,5
8282,88
8283,59
8284,81
8285,88
8286,20
8287,40
8288,30
8289,6
8290,68
8291,92
8292,87
8293,66
8294,97
8295,80
8296,77
8297,71
8298,91
8299,86
8300,48
8301,83
8302,0
8303,70
8304,15
8305,78
8306,24
8307,58
8308,87
8309,9
8310,42
8311,41
8312,30
8313,3
8314,0
8315,92
8316,77
8317,87
8318,43
8319,79
8320,7
8321,75
8322,74
8323,38
8324,42
8325,10
8326,15
8327,0
8328,36
8329,89
8330,43
8331,98
8332,69
8333,31
8334,63
8335,22
8336,71
8337,98
8338,64
8339,40
8340,87
8341,0
8342,21
8343,32
8344,1
8345,3
8346,52
8347,43
8348,83
8349,65
8350,68
8351,18
8352,1
8353,25
8354,31
8355,35
8356,47
8357,90
8358,2
8359,28
8360,85
8361,61
8362,31
8363,98
8364,55
8365,0
8366,97
8367,30
8368,10
8369,39
8370,7
8371,41
8372,7
8373,49
8374,1
8375,11
8376,85
8377,91
8378,82
8379,4
8380,60
8381,89
8382,56
8383,58
8384,32
8385,34
8386,97
8387,18
8388,49
8389,98
8390,19
8391,58
8392,93
8393,87
8394,11
8395,9
8396,35
8397,53
8398,47
8399,6
8400,4
8401,33
8402,8
8403,66
8404,26
8405,34
8406,39
8407,97
8408,59
8409,75
8410,33
8411,87
8412,17
8413,98
8414,16
8415,33
8416,76
8417,41
8418,50
8419,8
8420,75
8421,17
8422,38
8423,93
8424,44
8425,27
8426,6
8427,60
8428,67
8429,3
8430,21
8431,14
8432,81
8433,54
8434,87
8435,86
8436,37
8437,59
8438,66
8439,35
8440,95
8441,85
8442,10
8443,62
8444,26
8445,65
8446,28
8447,15
8448,1
8449,85
8450,17
8451,83
8452,92
8453,39
8454,88
8455,58
8456,17
8457,48
8458,44
8459,71
8460,48
8461,69
8462,28
8463,88
8464,87
8465,46
8466,71
8467,97
8468,66
8469,28
8470,82
8471,1
8472,39
8473,88
8474,28
8475,82
8476,7
8477,9
8478,56
8479,40
8480,70
8481,14
8482,37
8483,52
8484,59
8485,6
8486,16
8487,62
8488,85
8489,12
8490,61
8491,88
8492,40
8493,68
8494,36
8495,23
8496,85
8497,84
8498,25
8499,46
8500,75
8501,22
8502,92
8503,58
8504,88
8505,51
8506,75
8507,91
8508,70
8509,37
8510,28
8511,90
8512,72
8513,88
8514,12
8515,38
8516,95
8517,7
8518,9
8519,58
8520,61
8521,39
8522,56
8523,17
8524,59
8525,77
8526,63
8527,87
8528,75
8529,64
8530,16
8531,94
8532,87
8533,76
8534,60
8535,21
8536,1
8537,0
8538,75
8539,31
8540,30
8541,69
8542,75
8543,47
8544,6
8545,43
8546,7
8547,40
8548,6
8549,6
8550,1
8551,43
8552,53
8553,66
8554,5
8555,59
8556,61
8557,59
8558,28
8559,24
8560,86
8561,54
8562,54
8563,88
8564,61
8565,87
8566,92
8567,24
8568,40
8569,85
8570,17
8571,13
8572,22
8573,83
8574,77
8575,79
8576,76
8577,78
8578,0
8579,39
8580,89
8581,82
8582,41
8583,87
8584,34
8585,72
8586,64
8587,62
8588,3
8589,35
8590,64
8591,83
8592,28
8593,34
8594,77
8595,70
8596,13
8597,7
8598,15
8599,7
8600,76
8601,98
8602,51
8603,34
8604,38
8605,52
8606,47
8607,50
8608,93
8609,13
8610,75
8611,70
8612,30
8613,60
8614,70
8615,2
8616,82
8617,37
8618,34
8619,6
8620,65
8621,62
8622,41
8623,19
8624,36
8625,88
8626,47
8627,48
8628,79
8629,38
8630,15
8631,57
8632,38
8633,68
8634,64
8635,64
8636,16
8637,63
8638,86
8639,86
8640,7
8641,97
8642,50
8643,53
8644,9
8645,34
8646,34
8647,97
8648,40
8649,1
8650,93
8651,67
8652,1
8653,77
8654,89
8655,13
8656,10
8657,33
8658,55
8659,68
8660,30
8661,8
8662,75
8663,81
8664,89
8665,91
8666,7
8667,78
8668,28
8669,63
8670,87
8671,53
8672,34
8673,44
8674,67
8675,43
8676,97
8677,93
8678,85
8679,88
8680,11
8681,31
8682,69
8683,47
8684,25
8685,30
8686,85
8687,38
8688,1
8689,82
8690,41
8691,3
8692,77
8693,13
8694,31
8695,88
8696,23
8697,85
8698,21
8699,83
8700,21
8701,51
8702,38
8703,23
8704,29
8705,61
8706,9
8707,51
8708,99
8709,28
8710,34
8711,63
8712,7
8713,97
8714,78
8715,36
8716,60
8717,13
8718,50
8719,17
8720,28
8721,29
8722,28
8723,86
8724,83
8725,83
8726,53
8727,73
8728,7
8729,3
8730,82
8731,43
8732,15
8733,68
8734,68
8735,34
8736,82
8737,75
8738,5
8739,8
8740,0
8741,22
8742,24
8743,21
8744,8
8745,96
8746,53
8747,15
8748,80
8749,13
8750,27
8751,32
8752,96
8753,20
8754,29
8755,36
8756,69
8757,87
8758,26
8759,51
8760,60
8761,91
8762,36
8763,48
8764,71
8765,53
8766,94
8767,0
8768,21
8769,57
8770,69
8771,73
8772,78
8773,94
8774,29
8775,22
8776,21
8777,55
8778,88
8779,28
8780,19
8781,69
8782,1
8783,77
8784,64
8785,82
8786,5
8787,64
8788,75
8789,59
8790,79
8791,92
8792,21
8793,88
8794,47
8795,87
8796,68
8797,18
8798,76
8799,45
8800,51
8801,7
8802,1
8803,11
8804,94
8805,15
8806,51
8807,71
8808,67
8809,46
8810,60
8811,73
8812,9
8813,75
8814,5
8815,72
8816,77
8817,32
8818,55
8819,83
8820,88
8821,36
8822,40
8823,52
8824,11
8825,41
8826,85
8827,30
8828,51
8829,51
8830,79
8831,89
8832,99
8833,87
8834,15
8835,29
8836,27
8837,66
8838,92
8839,80
8840,24
8841,57
8842,43
8843,78
8844,49
8845,99
8846,95
8847,93
8848,63
8849,71
8850,64
8851,10
8852,64
8853,4
8854,3
8855,92
8856,4
8857,17
8858,9
8859,21
8860,77
8861,57
8862,61
8863,35
8864,34
8865,92
8866,82
8867,82
8868,94
8869,95
8870,81
8871,96
8872,93
8873,96
8874,67
8875,31
8876,60
8877,79
8878,78
8879,63
8880,92
8881,82
8882,36
8883,90
8884,31
8885,47
8886,75
8887,4
8888,29
8889,94
8890,27
8891,92
8892,25
8893,75
8894,28
8895,93
8896,85
8897,0
8898,65
8899,40
8900,53
8901,40
8902,95
8903,53
8904,50
8905,43
8906,89
8907,69
8908,28
8909,58
8910,40
8911,71
8912,31
8913,37
8914,73
8915,75
8916,89
8917,47
8918,97
8919,53
8920,81
8921,31
8922,46
8923,41
8924,92
8925,53
8926,11
8927,72
8928,41
8929,48
8930,94
8931,10
8932,40
8933,60
8934,85
8935,98
8936,59
8937,52
8938,44
8939,57
8940,4
8941,83
8942,89
8943,71
8944,68
8945,29
8946,46
8947,90
8948,46
8949,97
8950,83
8951,52
8952,46
8953,58
8954,77
8955,96
8956,87
8957,1
8958,58
8959,85
8960,97
8961,14
8962,51
8963,54
8964,63
8965,64
8966,58
8967,15
8968,34
8969,38
8970,13
8971,99
8972,28
8973,88
8974,57
8975,88
8976,10
8977,19
8978,73
8979,47
8980,53
8981,48
8982,7
8983,59
8984,29
8985,82
8986,90
8987,93
8988,81
8989,17
8990,14
8991,69
8992,13
8993,58
8994,39
8995,92
8996,89
8997,80
8998,28
8999,28
9000,28
9001,98
9002,88
9003,20
9004,4
9005,18
9006,71
9007,48
9008,69
9009,14
9010,87
9011,6
9012,39
9013,19
9014,15
9015,37
9016,10
9017,48
9018,15
9019,89
9020,95
9021,77
9022,38
9023,85
9024,21
9025,96
9026,11
9027,13
9028,84
9029,30
9030,58
9031,30
9032,92
9033,3
9034,45
9035,76
9036,55
9037,64
9038,41
9039,8
9040,87
9041,54
9042,63
9043,68
9044,9
9045,91
9046,67
9047,41
9048,40
9049,71
9050,51
9051,97
9052,9
9053,82
9054,3
9055,76
9056,5
9057,71
9058,42
9059,94
9060,72
9061,55
9062,14
9063,25
9064,10
9065,36
9066,43
9067,14
9068,51
9069,60
9070,14
9071,62
9072,10
9073,66
9074,90
9075,67
9076,63
9077,23
9078,33
9079,43
9080,7
9081,58
9082,0
9083,83
9084,23
9085,41
9086,85
9087,20
9088,79
9089,20
9090,30
9091,59
9092,19
9093,38
9094,40
9095,7
9096,26
9097,83
9098,56
9099,47
9100,57
9101,52
9102,57
9103,40
9104,44
9105,29
9106,72
9107,9
9108,5
9109,43
9110,15
9111,80
9112,6
9113,19
9114,67
9115,24
9116,7
9117,69
9118,21
9119,61
9120,18
9121,30
9122,39
9123,82
9124,75
9125,21
9126,89
9127,17
9128,28
9129,33
9130,87
9131,12
9132,92
9133,72
9134,63
9135,71
9136,58
9137,11
9138,77
9139,98
9140,31
9141,87
9142,31
9143,20
9144,19
9145,36
9146,70
9147,62
9148,34
9149,87
9150,67
9151,11
9152,44
9153,28
9154,33
9155,90
9156,16
9157,56
9158,21
9159,24
9160,71
9161,75
9162,15
9163,14
9164,23
9165,68
9166,1
9167,81
9168,22
9169,90
9170,21
9171,57
9172,22
9173,87
9174,82
9175,85
9176,38
9177,77
9178,93
9179,14
9180,84
9181,41
9182,64
9183,87
9184,10
9185,91
9186,94
9187,97
9188,44
9189,75
9190,44
9191,13
9192,18
9193,51
9194,1
9195,50
9196,94
9197,7
9198,10
9199,95
9200,0
9201,77
9202,91
9203,48
9204,75
9205,13
9206,48
9207,54
9208,69
9209,10
9210,68
9211,56
9212,64
9213,50
9214,81
9215,67
9216,71
9217,10
9218,50
9219,60
9220,79
9221,0
9222,64
9223,65
9224,35
9225,29
9226,2
9227,3
9228,92
9229,22
9230,9
9231,97
9232,13
9233,30
9234,77
9235,74
9236,8
9237,17
9238,42
9239,91
9240,11
9241,36
9242,69
9243,4
9244,57
9245,84
9246,1
9247,85
9248,3
9249,91
9250,44
9251,76
9252,13
9253,8
9254,92
9255,85
9256,82
9257,7
9258,91
9259,89
9260,50
9261,42
9262,39
9263,26
9264,36
9265,4
9266,43
9267,50
9268,16
9269,92
9270,94
9271,60
9272,91
9273,83
9274,92
9275,58
9276,48
9277,56
9278,11
9279,5
9280,64
9281,14
9282,75
9283,75
9284,34
9285,31
9286,4
9287,17
9288,89
9289,70
9290,19
9291,36
9292,77
9293,97
9294,83
9295,63
9296,35
9297,62
9298,37
9299,94
9300,10
9301,77
9302,56
9303,10
9304,84
9305,64
9306,71
9307,94
9308,67
9309,85
9310,41
9311,59
9312,91
9313,85
9314,43
9315,82
9316,40
9317,10
9318,78
9319,68
9320,47
9321,26
9322,1
9323,26
9324,78
9325,4
9326,22
9327,85
9328,91
9329,27
9330,92
9331,25
9332,7
9333,11
9334,94
9335,15
9336,59
9337,35
9338,54
9339,11
9340,56
9341,75
9342,52
9343,76
9344,20
9345,58
9346,97
9347,9
9348,41
9349,38
9350,5
9351,75
9352,36
9353,43
9354,5
9355,18
9356,6
9357,9
9358,72
9359,43
9360,6
9361,75
9362,15
9363,29
9364,11
9365,20
9366,30
9367,21
9368,87
9369,50
9370,26
9371,83
9372,1
9373,91
9374,93
9375,32
9376,63
9377,58
9378,36
9379,90
9380,37
9381,1
9382,59
9383,40
9384,77
9385,92
9386,81
9387,0
9388,58
9389,96
9390,1
9391,95
9392,59
9393,21
9394,60
9395,89
9396,82
9397,40
9398,80
9399,52
9400,64
9401,72
9402,91
9403,7
9404,69
9405,26
9406,42
9407,85
9408,46
9409,20
9410,38
9411,52
9412,36
9413,28
9414,7
9415,63
9416,52
9417,14
9418,29
9419,7
9420,79
9421,39
9422,30
9423,99
9424,14
9425,8
9426,34
9427,52
9428,9
9429,13
9430,32
9431,82
9432,3
9433,43
9434,93
9435,83
9436,99
9437,21
9438,17
9439,56
9440,64
9441,74
9442,1
9443,92
9444,22
9445,15
9446,78
9447,58
9448,10
9449,53
9450,78
9451,47
9452,5
9453,34
9454,89
9455,14
9456,77
9457,67
9458,78
9459,63
9460,26
9461,93
9462,46
9463,6
9464,8
9465,87
9466,55
9467,87
9468,26
9469,41
9470,70
9471,88
9472,21
9473,15
9474,90
9475,36
9476,85
9477,36
9478,87
9479,41
9480,87
9481,71
9482,53
9483,27
9484,63
9485,1
9486,8
9487,7
9488,22
9489,61
9490,88
9491,58
9492,10
9493,83
9494,97
9495,85
9496,34
9497,7
9498,10
9499,23
9500,87
9501,28
9502,66
9503,45
9504,58
9505,79
9506,87
9507,27
9508,67
9509,14
9510,59
9511,31
9512,77
9513,59
9514,60
9515,71
9516,87
9517,67
9518,81
9519,2
9520,54
9521,67
9522,15
9523,21
9524,1
9525,34
9526,21
9527,80
9528,55
9529,91
9530,76
9531,15
9532,53
9533,22
9534,16
9535,66
9536,25
9537,1
9538,6
9539,29
9540,73
9541,27
9542,81
9543,3
9544,53
9545,23
9546,81
9547,86
9548,78
9549,71
9550,28
9551,75
9552,46
9553,83
9554,6
9555,16
9556,8
9557,7
9558,22
9559,13
9560,9
9561,7
9562,65
9563,92
9564,49
9565,70
9566,53
9567,7
9568,66
9569,99
9570,91
9571,23
9572,13
9573,55
9574,6
9575,6
9576,21
9577,30
9578,72
9579,35
9580,98
9581,41
9582,36
9583,75
9584,90
9585,43
9586,87
9587,97
9588,53
9589,75
9590,97
9591,3
9592,61
9593,20
9594,22
9595,57
9596,25
9597,99
9598,65
9599,68
9600,28
9601,1
9602,67
9603,87
9604,16
9605,41
9606,64
9607,85
9608,87
9609,51
9610,92
9611,25
9612,43
9613,43
9614,85
9615,48
9616,2
9617,25
9618,7
9619,29
9620,85
9621,56
9622,14
9623,67
9624,99
9625,11
9626,32
9627,64
9628,30
9629,53
9630,41
9631,84
9632,5
9633,92
9634,25
9635,9
9636,58
9637,40
9638,40
9639,92
9640,98
9641,23
9642,78
9643,96
9644,67
9645,36
9646,8
9647,15
9648,72
9649,80
9650,27
9651,60
9652,7
9653,28
9654,48
9655,16
9656,57
9657,94
9658,30
9659,92
9660,43
9661,1
9662,58
9663,19
9664,23
9665,15
9666,87
9667,42
9668,95
9669,16
9670,61
9671,86
9672,53
9673,48
9674,11
9675,52
9676,58
9677,97
9678,85
9679,63
9680,64
9681,62
9682,64
9683,46
9684,43
9685,37
9686,51
9687,47
9688,52
9689,20
9690,53
9691,97
9692,8
9693,83
9694,21
9695,58
9696,87
9697,40
9698,53
9699,91
9700,59
9701,4
9702,33
9703,92
9704,41
9705,28
9706,12
9707,55
9708,19
9709,35
9710,78
9711,82
9712,1
9713,31
9714,51
9715,47
9716,9
9717,73
9718,69
9719,36
9720,78
9721,91
9722,95
9723,37
9724,61
9725,83
9726,69
9727,98
9728,9
9729,81
9730,80
9731,10
9732,13
9733,98
9734,94
9735,24
9736,78
9737,1
9738,33
9739,55
9740,35
9741,7
9742,14
9743,19
9744,78
9745,3
9746,41
9747,66
9748,97
9749,27
9750,45
9751,55
9752,32
9753,5
9754,89
9755,9
9756,77
9757,33
9758,19
9759,46
9760,77
9761,29
9762,65
9763,46
9764,97
9765,23
9766,39
9767,87
9768,97
9769,40
9770,87
9771,96
9772,27
9773,56
9774,46
9775,82
9776,8
9777,38
9778,51
9779,44
9780,34
9781,18
9782,67
9783,64
9784,28
9785,96
9786,49
9787,64
9788,28
9789,36
9790,97
9791,28
9792,29
9793,49
9794,62
9795,28
9796,31
9797,85
9798,18
9799,81
9800,91
9801,13
9802,87
9803,21
9804,74
9805,3
9806,86
9807,48
9808,17
9809,37
9810,88
9811,21
9812,24
9813,44
9814,40
9815,13
9816,35
9817,85
9818,21
9819,76
9820,38
9821,59
9822,49
9823,30
9824,60
9825,43
9826,51
9827,3
9828,87
9829,38
9830,21
9831,53
9832,98
9833,48
9834,24
9835,58
9836,31
9837,95
9838,5
9839,46
9840,91
9841,26
9842,19
9843,11
9844,45
9845,99
9846,27
9847,51
9848,91
9849,0
9850,3
9851,38
9852,57
9853,80
9854,60
9855,90
9856,87
9857,16
9858,46
9859,91
9860,99
9861,77
9862,57
9863,62
9864,2
9865,70
9866,69
9867,69
9868,91
9869,89
9870,93
9871,13
9872,0
9873,87
9874,7
9875,58
9876,82
9877,21
9878,58
9879,73
9880,13
9881,75
9882,85
9883,41
9884,70
9885,75
9886,97
9887,11
9888,83
9889,51
9890,73
9891,28
9892,34
9893,50
9894,24
9895,31
9896,95
9897,1
9898,2
9899,36
9900,59
9901,99
9902,91
9903,85
9904,0
9905,23
9906,35
9907,89
9908,83
9909,31
9910,86
9911,57
9912,72
9913,73
9914,42
9915,91
9916,89
9917,85
9918,89
9919,69
9920,82
9921,21
9922,89
9923,68
9924,68
9925,76
9926,31
9927,58
9928,8
9929,85
9930,13
9931,95
9932,78
9933,88
9934,89
9935,23
9936,58
9937,58
9938,92
9939,89
9940,82
9941,78
9942,97
9943,70
9944,50
9945,63
9946,40
9947,34
9948,31
9949,77
9950,56
9951,29
9952,77
9953,72
9954,95
9955,51
9956,53
9957,84
9958,35
9959,73
9960,28
9961,33
9962,98
9963,86
9964,19
9965,97
9966,64
9967,21
9968,41
9969,89
9970,14
9971,87
9972,10
9973,49
9974,98
9975,7
9976,77
9977,83
9978,21
9979,27
9980,30
9981,59
9982,64
9983,29
9984,59
9985,90
9986,18
9987,77
9988,3
9989,7
9990,75
9991,30
9992,16
9993,30
9994,64
9995,83
9996,63
9997,51
9998,42
9999,70